,Position,Rider,Born,Team,Total time,FC points,race
0,01,Esteban Chaves,1990,Team BikeExchange,04:29:47,50,Volta Catalunya - 2021 stage 04 : Ripoll - Port Ainé
1,02,Michael Woods,1986,Israel Start-Up Nation,+ 07,20,Volta Catalunya - 2021 stage 04 : Ripoll - Port Ainé
2,03,Geraint Thomas,1986,INEOS Grenadiers,+ 07,8,Volta Catalunya - 2021 stage 04 : Ripoll - Port Ainé
3,04,Adam Yates,1992,INEOS Grenadiers,+ 07,,Volta Catalunya - 2021 stage 04 : Ripoll - Port Ainé
4,05,Sepp Kuss,1994,Jumbo-Visma,+ 07,,Volta Catalunya - 2021 stage 04 : Ripoll - Port Ainé
5,06,Alejandro Valverde,1980,Movistar Team,+ 07,,Volta Catalunya - 2021 stage 04 : Ripoll - Port Ainé
6,07,Richie Porte,1985,INEOS Grenadiers,+ 07,,Volta Catalunya - 2021 stage 04 : Ripoll - Port Ainé
7,08,Wilco Kelderman,1991,BORA-hansgrohe,+ 07,,Volta Catalunya - 2021 stage 04 : Ripoll - Port Ainé
8,09,Nairo Quintana,1990,Arkéa-Samsic,+ 07,,Volta Catalunya - 2021 stage 04 : Ripoll - Port Ainé
9,10,Lucas Hamilton,1996,Team BikeExchange,+ 07,,Volta Catalunya - 2021 stage 04 : Ripoll - Port Ainé
10,11,Hugh Carthy,1994,EF Education-NIPPO,+ 13,,Volta Catalunya - 2021 stage 04 : Ripoll - Port Ainé
11,12,Simon Yates,1992,Team BikeExchange,+ 18,,Volta Catalunya - 2021 stage 04 : Ripoll - Port Ainé
12,13,Joao Almeida,1998,Deceuninck-Quick Step,+ 25,,Volta Catalunya - 2021 stage 04 : Ripoll - Port Ainé
13,14,Giulio Ciccone,1994,Trek-Segafredo,+ 31,,Volta Catalunya - 2021 stage 04 : Ripoll - Port Ainé
14,15,Harm Vanhoucke,1997,Lotto Soudal,+ 31,,Volta Catalunya - 2021 stage 04 : Ripoll - Port Ainé
15,16,Mikel Bizkarra,1989,Euskaltel-Euskadi,+ 51,,Volta Catalunya - 2021 stage 04 : Ripoll - Port Ainé
16,17,Fausto Masnada,1993,Deceuninck-Quick Step,+ 54,,Volta Catalunya - 2021 stage 04 : Ripoll - Port Ainé
17,18,Brandon McNulty,1998,UAE Team Emirates,+ 01:02,,Volta Catalunya - 2021 stage 04 : Ripoll - Port Ainé
18,19,Enric Mas,1995,Movistar Team,+ 01:34,,Volta Catalunya - 2021 stage 04 : Ripoll - Port Ainé
19,20,Santiago Buitrago,1999,Bahrain Victorious,+ 02:03,,Volta Catalunya - 2021 stage 04 : Ripoll - Port Ainé
20,21,Matteo Badilatti,1992,Groupama-FDJ,+ 02:23,,Volta Catalunya - 2021 stage 04 : Ripoll - Port Ainé
21,22,Richard Carapaz,1993,INEOS Grenadiers,+ 02:28,,Volta Catalunya - 2021 stage 04 : Ripoll - Port Ainé
22,23,David De La Cruz,1989,UAE Team Emirates,+ 02:44,,Volta Catalunya - 2021 stage 04 : Ripoll - Port Ainé
23,24,Carlos Verona,1992,Movistar Team,+ 02:44,,Volta Catalunya - 2021 stage 04 : Ripoll - Port Ainé
24,25,Nicolas Edet,1987,Cofidis,+ 03:03,,Volta Catalunya - 2021 stage 04 : Ripoll - Port Ainé
25,26,Óscar Rodríguez,1995,Astana-Premier Tech,+ 04:59,,Volta Catalunya - 2021 stage 04 : Ripoll - Port Ainé
26,27,Luis León Sánchez,1983,Astana-Premier Tech,+ 05:00,,Volta Catalunya - 2021 stage 04 : Ripoll - Port Ainé
27,28,Maxim Van Gils,1999,Lotto Soudal,+ 05:01,,Volta Catalunya - 2021 stage 04 : Ripoll - Port Ainé
28,29,Steven Kruijswijk,1987,Jumbo-Visma,+ 05:34,,Volta Catalunya - 2021 stage 04 : Ripoll - Port Ainé
29,30,Simone Petilli,1993,Intermarché-Wanty-Gobert,+ 06:06,,Volta Catalunya - 2021 stage 04 : Ripoll - Port Ainé
30,31,Michel Ries,1998,Trek-Segafredo,+ 06:18,,Volta Catalunya - 2021 stage 04 : Ripoll - Port Ainé
31,32,Jaime Castrillo,1996,Kern Pharma,+ 06:24,,Volta Catalunya - 2021 stage 04 : Ripoll - Port Ainé
32,33,Gotzon Martin,1996,Euskaltel-Euskadi,+ 06:24,,Volta Catalunya - 2021 stage 04 : Ripoll - Port Ainé
33,34,Luis Angel Mate,1984,Euskaltel-Euskadi,+ 06:24,,Volta Catalunya - 2021 stage 04 : Ripoll - Port Ainé
34,35,Ruben Guerreiro,1994,EF Education-NIPPO,+ 06:24,,Volta Catalunya - 2021 stage 04 : Ripoll - Port Ainé
35,36,Urko Berrade,1997,Kern Pharma,+ 06:52,,Volta Catalunya - 2021 stage 04 : Ripoll - Port Ainé
36,37,Daniel Martin,1986,Israel Start-Up Nation,+ 06:59,,Volta Catalunya - 2021 stage 04 : Ripoll - Port Ainé
37,38,Roger Adriá,1998,Kern Pharma,+ 08:10,,Volta Catalunya - 2021 stage 04 : Ripoll - Port Ainé
38,39,Callum Scotson,1996,Team BikeExchange,+ 08:39,,Volta Catalunya - 2021 stage 04 : Ripoll - Port Ainé
39,40,Sebastien Reichenbach,1989,Groupama-FDJ,+ 09:15,,Volta Catalunya - 2021 stage 04 : Ripoll - Port Ainé
40,41,Ben Zwiehoff,1994,BORA-hansgrohe,+ 09:15,,Volta Catalunya - 2021 stage 04 : Ripoll - Port Ainé
41,42,Elie Gesbert,1995,Arkéa-Samsic,+ 09:15,,Volta Catalunya - 2021 stage 04 : Ripoll - Port Ainé
42,43,Merhawi Kudus,1994,Astana-Premier Tech,+ 09:15,,Volta Catalunya - 2021 stage 04 : Ripoll - Port Ainé
43,44,Dmitriy Strakhov,1995,Gazprom-RusVelo,+ 11:11,,Volta Catalunya - 2021 stage 04 : Ripoll - Port Ainé
44,45,Tanel Kangert,1987,Team BikeExchange,+ 11:11,,Volta Catalunya - 2021 stage 04 : Ripoll - Port Ainé
45,46,Jan Hirt,1991,Intermarché-Wanty-Gobert,+ 11:11,,Volta Catalunya - 2021 stage 04 : Ripoll - Port Ainé
46,47,Chris Hamilton,1995,Team DSM,+ 14:39,,Volta Catalunya - 2021 stage 04 : Ripoll - Port Ainé
47,48,Kilian Frankiny,1994,Qhubeka ASSOS,+ 14:39,,Volta Catalunya - 2021 stage 04 : Ripoll - Port Ainé
48,49,Jonas Gregaard,1996,Astana-Premier Tech,+ 14:39,,Volta Catalunya - 2021 stage 04 : Ripoll - Port Ainé
49,50,Hermann Pernsteiner,1990,Bahrain Victorious,+ 14:39,,Volta Catalunya - 2021 stage 04 : Ripoll - Port Ainé
50,51,Tejay Van Garderen,1988,EF Education-NIPPO,+ 14:39,,Volta Catalunya - 2021 stage 04 : Ripoll - Port Ainé
51,52,Ben Gastauer,1987,AG2R Citroën Team,+ 14:39,,Volta Catalunya - 2021 stage 04 : Ripoll - Port Ainé
52,53,Lennard Kämna,1996,BORA-hansgrohe,+ 14:39,,Volta Catalunya - 2021 stage 04 : Ripoll - Port Ainé
53,54,Attila Valter,1998,Groupama-FDJ,+ 14:39,,Volta Catalunya - 2021 stage 04 : Ripoll - Port Ainé
54,55,Rohan Dennis,1990,INEOS Grenadiers,+ 14:57,,Volta Catalunya - 2021 stage 04 : Ripoll - Port Ainé
55,56,Chris Froome,1985,Israel Start-Up Nation,+ 14:57,,Volta Catalunya - 2021 stage 04 : Ripoll - Port Ainé
56,57,Harold Tejada,1997,Astana-Premier Tech,+ 14:57,,Volta Catalunya - 2021 stage 04 : Ripoll - Port Ainé
57,58,Andres Ardila,1999,UAE Team Emirates,+ 14:57,,Volta Catalunya - 2021 stage 04 : Ripoll - Port Ainé
58,59,Robert Gesink,1986,Jumbo-Visma,+ 15:08,,Volta Catalunya - 2021 stage 04 : Ripoll - Port Ainé
59,60,Bob Jungels,1992,AG2R Citroën Team,+ 15:08,,Volta Catalunya - 2021 stage 04 : Ripoll - Port Ainé
60,61,Steff Cras,1996,Lotto Soudal,+ 15:08,,Volta Catalunya - 2021 stage 04 : Ripoll - Port Ainé
61,62,James Knox,1995,Deceuninck-Quick Step,+ 15:08,,Volta Catalunya - 2021 stage 04 : Ripoll - Port Ainé
62,63,Jose Herrada,1985,Cofidis,+ 15:08,,Volta Catalunya - 2021 stage 04 : Ripoll - Port Ainé
63,64,Jonathan Caicedo,1993,EF Education-NIPPO,+ 15:08,,Volta Catalunya - 2021 stage 04 : Ripoll - Port Ainé
64,65,Anthony Delaplace,1989,Arkéa-Samsic,+ 15:08,,Volta Catalunya - 2021 stage 04 : Ripoll - Port Ainé
65,66,Antwan Tolhoek,1994,Jumbo-Visma,+ 15:08,,Volta Catalunya - 2021 stage 04 : Ripoll - Port Ainé
66,67,Wout Poels,1987,Bahrain Victorious,+ 15:08,,Volta Catalunya - 2021 stage 04 : Ripoll - Port Ainé
67,68,Joe Dombrowski,1991,UAE Team Emirates,+ 15:08,,Volta Catalunya - 2021 stage 04 : Ripoll - Port Ainé
68,69,Louis Meintjes,1992,Intermarché-Wanty-Gobert,+ 15:08,,Volta Catalunya - 2021 stage 04 : Ripoll - Port Ainé
69,70,Gianluca Brambilla,1987,Trek-Segafredo,+ 15:23,,Volta Catalunya - 2021 stage 04 : Ripoll - Port Ainé
70,71,Dries Devenyns,1983,Deceuninck-Quick Step,+ 18:19,,Volta Catalunya - 2021 stage 04 : Ripoll - Port Ainé
71,72,Juan Pedro Lopez,1997,Trek-Segafredo,+ 18:52,,Volta Catalunya - 2021 stage 04 : Ripoll - Port Ainé
72,73,Roman Kreuziger,1986,Gazprom-RusVelo,+ 19:31,,Volta Catalunya - 2021 stage 04 : Ripoll - Port Ainé
73,74,Koen Bouwman,1993,Jumbo-Visma,+ 19:31,,Volta Catalunya - 2021 stage 04 : Ripoll - Port Ainé
74,75,Reto Hollenstein,1985,Israel Start-Up Nation,+ 19:31,,Volta Catalunya - 2021 stage 04 : Ripoll - Port Ainé
75,76,Marc Hirschi,1998,UAE Team Emirates,+ 19:31,,Volta Catalunya - 2021 stage 04 : Ripoll - Port Ainé
76,77,Antonio Pedrero,1991,Movistar Team,+ 19:43,,Volta Catalunya - 2021 stage 04 : Ripoll - Port Ainé
77,78,Matej Mohoric,1994,Bahrain Victorious,+ 20:05,,Volta Catalunya - 2021 stage 04 : Ripoll - Port Ainé
78,79,Dion Smith,1993,Team BikeExchange,+ 20:05,,Volta Catalunya - 2021 stage 04 : Ripoll - Port Ainé
79,80,Thomas De Gendt,1986,Lotto Soudal,+ 20:05,,Volta Catalunya - 2021 stage 04 : Ripoll - Port Ainé
80,81,Stefan de Bod,1996,Astana-Premier Tech,+ 22:05,,Volta Catalunya - 2021 stage 04 : Ripoll - Port Ainé
81,82,Michael Storer,1997,Team DSM,+ 22:05,,Volta Catalunya - 2021 stage 04 : Ripoll - Port Ainé
82,83,Michael Valgren,1992,EF Education-NIPPO,+ 22:05,,Volta Catalunya - 2021 stage 04 : Ripoll - Port Ainé
83,84,Daryl Impey,1984,Israel Start-Up Nation,+ 23:48,,Volta Catalunya - 2021 stage 04 : Ripoll - Port Ainé
84,85,Dario Cataldo,1985,Movistar Team,+ 23:48,,Volta Catalunya - 2021 stage 04 : Ripoll - Port Ainé
85,86,Sergio Samitier,1995,Movistar Team,+ 23:48,,Volta Catalunya - 2021 stage 04 : Ripoll - Port Ainé
86,87,Jaakko Hänninen,1997,AG2R Citroën Team,+ 23:48,,Volta Catalunya - 2021 stage 04 : Ripoll - Port Ainé
87,88,Laurent Pichon,1986,Arkéa-Samsic,+ 23:48,,Volta Catalunya - 2021 stage 04 : Ripoll - Port Ainé
88,89,Clément Champoussin,1998,AG2R Citroën Team,+ 23:48,,Volta Catalunya - 2021 stage 04 : Ripoll - Port Ainé
89,90,Jonathan Castroviejo,1987,INEOS Grenadiers,+ 23:48,,Volta Catalunya - 2021 stage 04 : Ripoll - Port Ainé
90,91,Marc Soler,1993,Movistar Team,+ 23:48,,Volta Catalunya - 2021 stage 04 : Ripoll - Port Ainé
91,92,Diego Camargo,1998,EF Education-NIPPO,+ 23:48,,Volta Catalunya - 2021 stage 04 : Ripoll - Port Ainé
92,93,Rigoberto Uran,1987,EF Education-NIPPO,+ 23:48,,Volta Catalunya - 2021 stage 04 : Ripoll - Port Ainé
93,94,Tomasz Marczynski,1984,Lotto Soudal,+ 27:24,,Volta Catalunya - 2021 stage 04 : Ripoll - Port Ainé
94,95,Joan Bou,1997,Euskaltel-Euskadi,+ 27:24,,Volta Catalunya - 2021 stage 04 : Ripoll - Port Ainé
95,96,Omer Goldstein,1996,Israel Start-Up Nation,+ 27:24,,Volta Catalunya - 2021 stage 04 : Ripoll - Port Ainé
96,97,Alexander Cataford,1993,Israel Start-Up Nation,+ 27:24,,Volta Catalunya - 2021 stage 04 : Ripoll - Port Ainé
97,98,Thymen Arensman,1999,Team DSM,+ 27:24,,Volta Catalunya - 2021 stage 04 : Ripoll - Port Ainé
98,99,Chad Haga,1988,Team DSM,+ 27:24,,Volta Catalunya - 2021 stage 04 : Ripoll - Port Ainé
99,100,Brent Bookwalter,1984,Team BikeExchange,+ 27:24,,Volta Catalunya - 2021 stage 04 : Ripoll - Port Ainé
100,101,Gavin Mannion,1991,Rally Cycling,+ 27:24,,Volta Catalunya - 2021 stage 04 : Ripoll - Port Ainé
101,102,Mattias Skjelmose Jensen,2000,Trek-Segafredo,+ 27:24,,Volta Catalunya - 2021 stage 04 : Ripoll - Port Ainé
102,103,Matthieu Ladagnous,1984,Groupama-FDJ,+ 27:24,,Volta Catalunya - 2021 stage 04 : Ripoll - Port Ainé
103,104,Joey Rosskopf,1989,Rally Cycling,+ 27:24,,Volta Catalunya - 2021 stage 04 : Ripoll - Port Ainé
104,105,Savva Novikov,1999,Kern Pharma,+ 27:24,,Volta Catalunya - 2021 stage 04 : Ripoll - Port Ainé
105,106,Chris Harper,1994,Jumbo-Visma,+ 27:24,,Volta Catalunya - 2021 stage 04 : Ripoll - Port Ainé
106,107,Sylvain Moniquet,1998,Lotto Soudal,+ 27:24,,Volta Catalunya - 2021 stage 04 : Ripoll - Port Ainé
107,108,Rob Britton,1984,Rally Cycling,+ 27:24,,Volta Catalunya - 2021 stage 04 : Ripoll - Port Ainé
108,109,Sean Bennett,1996,Qhubeka ASSOS,+ 28:01,,Volta Catalunya - 2021 stage 04 : Ripoll - Port Ainé
109,110,Ide Schelling,1998,BORA-hansgrohe,+ 28:17,,Volta Catalunya - 2021 stage 04 : Ripoll - Port Ainé
110,111,Ruben Fernandez,1991,Cofidis,+ 28:20,,Volta Catalunya - 2021 stage 04 : Ripoll - Port Ainé
111,112,Fernando Barceló,1996,Cofidis,+ 28:50,,Volta Catalunya - 2021 stage 04 : Ripoll - Port Ainé
112,113,Jérémy Bellicaud,1998,Intermarché-Wanty-Gobert,+ 28:50,,Volta Catalunya - 2021 stage 04 : Ripoll - Port Ainé
113,114,Sander Armee,1985,Qhubeka ASSOS,+ 28:50,,Volta Catalunya - 2021 stage 04 : Ripoll - Port Ainé
114,115,Benjamin King,1989,Rally Cycling,+ 28:50,,Volta Catalunya - 2021 stage 04 : Ripoll - Port Ainé
115,116,Natnael Berhane,1991,Cofidis,+ 28:50,,Volta Catalunya - 2021 stage 04 : Ripoll - Port Ainé
116,117,Lukasz Owsian,1990,Arkéa-Samsic,+ 28:50,,Volta Catalunya - 2021 stage 04 : Ripoll - Port Ainé
117,118,Antoine Duchesne,1991,Groupama-FDJ,+ 28:50,,Volta Catalunya - 2021 stage 04 : Ripoll - Port Ainé
118,119,Vadim Pronskiy,1998,Astana-Premier Tech,+ 28:50,,Volta Catalunya - 2021 stage 04 : Ripoll - Port Ainé
119,120,François Bidard,1992,AG2R Citroën Team,+ 28:50,,Volta Catalunya - 2021 stage 04 : Ripoll - Port Ainé
120,121,Denis Nekrasov,1997,Gazprom-RusVelo,+ 28:50,,Volta Catalunya - 2021 stage 04 : Ripoll - Port Ainé
121,122,Artem Nych,1995,Gazprom-RusVelo,+ 28:50,,Volta Catalunya - 2021 stage 04 : Ripoll - Port Ainé
122,123,Sergey Chernetskiy,1990,Gazprom-RusVelo,+ 28:50,,Volta Catalunya - 2021 stage 04 : Ripoll - Port Ainé
123,124,Remi Cavagna,1995,Deceuninck-Quick Step,+ 28:50,,Volta Catalunya - 2021 stage 04 : Ripoll - Port Ainé
124,125,Daniel Alejandro Mendez,2000,Kern Pharma,+ 28:50,,Volta Catalunya - 2021 stage 04 : Ripoll - Port Ainé
125,126,Clément Venturini,1993,AG2R Citroën Team,+ 28:50,,Volta Catalunya - 2021 stage 04 : Ripoll - Port Ainé
126,127,Robert Power,1995,Qhubeka ASSOS,+ 28:50,,Volta Catalunya - 2021 stage 04 : Ripoll - Port Ainé
127,128,Pavel Kochetkov,1986,Gazprom-RusVelo,+ 28:50,,Volta Catalunya - 2021 stage 04 : Ripoll - Port Ainé
128,129,Rein Taaramäe,1987,Intermarché-Wanty-Gobert,+ 28:50,,Volta Catalunya - 2021 stage 04 : Ripoll - Port Ainé
129,130,Matis Louvel,1999,Arkéa-Samsic,+ 28:50,,Volta Catalunya - 2021 stage 04 : Ripoll - Port Ainé
130,131,Antonio Soto,1994,Euskaltel-Euskadi,+ 29:13,,Volta Catalunya - 2021 stage 04 : Ripoll - Port Ainé
131,132,Martí  Márquez,1996,Kern Pharma,+ 29:13,,Volta Catalunya - 2021 stage 04 : Ripoll - Port Ainé
132,133,Connor Brown,1998,Qhubeka ASSOS,+ 31:35,,Volta Catalunya - 2021 stage 04 : Ripoll - Port Ainé
133,134,Francisco Galván,1997,Kern Pharma,+ 31:35,,Volta Catalunya - 2021 stage 04 : Ripoll - Port Ainé
134,135,Nathan Brown,1991,Rally Cycling,+ 32:52,,Volta Catalunya - 2021 stage 04 : Ripoll - Port Ainé
135,136,Rémy Rochas,1996,Cofidis,+ 33:06,,Volta Catalunya - 2021 stage 04 : Ripoll - Port Ainé
136,137,Thomas Champion,1999,Cofidis,+ 33:06,,Volta Catalunya - 2021 stage 04 : Ripoll - Port Ainé
137,138,Nickolas Zukowsky,1998,Rally Cycling,+ 33:06,,Volta Catalunya - 2021 stage 04 : Ripoll - Port Ainé
138,139,Max Kanter,1997,Team DSM,+ 33:22,,Volta Catalunya - 2021 stage 04 : Ripoll - Port Ainé
139,140,Stephen Williams,1996,Bahrain Victorious,+ 34:11,,Volta Catalunya - 2021 stage 04 : Ripoll - Port Ainé
140,141,Alan Riou,1997,Arkéa-Samsic,+ 34:16,,Volta Catalunya - 2021 stage 04 : Ripoll - Port Ainé
141,142,William Bonnet,1982,Groupama-FDJ,+ 34:18,,Volta Catalunya - 2021 stage 04 : Ripoll - Port Ainé
142,143,Simon Guglielmi,1997,Groupama-FDJ,+ 34:18,,Volta Catalunya - 2021 stage 04 : Ripoll - Port Ainé
143,144,Alexander Kamp,1993,Trek-Segafredo,+ 34:18,,Volta Catalunya - 2021 stage 04 : Ripoll - Port Ainé
144,145,Colin Joyce,1994,Rally Cycling,+ 34:18,,Volta Catalunya - 2021 stage 04 : Ripoll - Port Ainé
145,146,Sebastian Molano,1994,UAE Team Emirates,+ 34:49,,Volta Catalunya - 2021 stage 04 : Ripoll - Port Ainé
146,147,Peter Sagan,1990,BORA-hansgrohe,+ 34:49,,Volta Catalunya - 2021 stage 04 : Ripoll - Port Ainé
147,148,Josef Cerný,1993,Deceuninck-Quick Step,+ 34:49,,Volta Catalunya - 2021 stage 04 : Ripoll - Port Ainé
148,149,Frederik Wandahl,2001,BORA-hansgrohe,+ 34:49,,Volta Catalunya - 2021 stage 04 : Ripoll - Port Ainé
149,150,Juan Jose Lobato,1988,Euskaltel-Euskadi,+ 34:49,,Volta Catalunya - 2021 stage 04 : Ripoll - Port Ainé
150,151,Luke Rowe,1990,INEOS Grenadiers,+ 34:49,,Volta Catalunya - 2021 stage 04 : Ripoll - Port Ainé
151,152,Mikel Iturria,1992,Euskaltel-Euskadi,+ 34:49,,Volta Catalunya - 2021 stage 04 : Ripoll - Port Ainé
152,153,Jordi Meeus,1998,BORA-hansgrohe,+ 34:49,,Volta Catalunya - 2021 stage 04 : Ripoll - Port Ainé
153,154,Reinardt Janse Van Rensburg,1989,Qhubeka ASSOS,+ 34:49,,Volta Catalunya - 2021 stage 04 : Ripoll - Port Ainé
154,DNS,Domen Novak,1995,Bahrain Victorious,,,Volta Catalunya - 2021 stage 04 : Ripoll - Port Ainé
155,DNS,Ilnur Zakarin,1989,Gazprom-RusVelo,,,Volta Catalunya - 2021 stage 04 : Ripoll - Port Ainé
156,DNS,George Bennett,1990,Jumbo-Visma,,,Volta Catalunya - 2021 stage 04 : Ripoll - Port Ainé
157,DNS,Jai Hindley,1996,Team DSM,,,Volta Catalunya - 2021 stage 04 : Ripoll - Port Ainé
158,DNF,Alexander Evans,1997,Intermarché-Wanty-Gobert,,,Volta Catalunya - 2021 stage 04 : Ripoll - Port Ainé
159,DNF,Andreas Kron,1998,Lotto Soudal,,,Volta Catalunya - 2021 stage 04 : Ripoll - Port Ainé
160,DNF,Karel Vacek,2000,Qhubeka ASSOS,,,Volta Catalunya - 2021 stage 04 : Ripoll - Port Ainé
161,DNF,Kenny Elissonde,1991,Trek-Segafredo,,,Volta Catalunya - 2021 stage 04 : Ripoll - Port Ainé
0,01,Adam Yates,1992,INEOS Grenadiers,05:00:58,50,Volta Catalunya - 2021 stage 03 : Canal Olímpic de Catalunya - Vallter 2000
1,02,Esteban Chaves,1990,Team BikeExchange,+ 13,20,Volta Catalunya - 2021 stage 03 : Canal Olímpic de Catalunya - Vallter 2000
2,03,Alejandro Valverde,1980,Movistar Team,+ 19,8,Volta Catalunya - 2021 stage 03 : Canal Olímpic de Catalunya - Vallter 2000
3,04,Geraint Thomas,1986,INEOS Grenadiers,+ 31,,Volta Catalunya - 2021 stage 03 : Canal Olímpic de Catalunya - Vallter 2000
4,05,Harm Vanhoucke,1997,Lotto Soudal,+ 31,,Volta Catalunya - 2021 stage 03 : Canal Olímpic de Catalunya - Vallter 2000
5,06,Sepp Kuss,1994,Jumbo-Visma,+ 31,,Volta Catalunya - 2021 stage 03 : Canal Olímpic de Catalunya - Vallter 2000
6,07,Hugh Carthy,1994,EF Education-NIPPO,+ 31,,Volta Catalunya - 2021 stage 03 : Canal Olímpic de Catalunya - Vallter 2000
7,08,Michael Woods,1986,Israel Start-Up Nation,+ 36,,Volta Catalunya - 2021 stage 03 : Canal Olímpic de Catalunya - Vallter 2000
8,09,Richie Porte,1985,INEOS Grenadiers,+ 36,,Volta Catalunya - 2021 stage 03 : Canal Olímpic de Catalunya - Vallter 2000
9,10,Giulio Ciccone,1994,Trek-Segafredo,+ 36,,Volta Catalunya - 2021 stage 03 : Canal Olímpic de Catalunya - Vallter 2000
10,11,Nairo Quintana,1990,Arkéa-Samsic,+ 36,,Volta Catalunya - 2021 stage 03 : Canal Olímpic de Catalunya - Vallter 2000
11,12,Simon Yates,1992,Team BikeExchange,+ 36,,Volta Catalunya - 2021 stage 03 : Canal Olímpic de Catalunya - Vallter 2000
12,13,Lucas Hamilton,1996,Team BikeExchange,+ 36,,Volta Catalunya - 2021 stage 03 : Canal Olímpic de Catalunya - Vallter 2000
13,14,Wilco Kelderman,1991,BORA-hansgrohe,+ 36,,Volta Catalunya - 2021 stage 03 : Canal Olímpic de Catalunya - Vallter 2000
14,15,Enric Mas,1995,Movistar Team,+ 46,,Volta Catalunya - 2021 stage 03 : Canal Olímpic de Catalunya - Vallter 2000
15,16,Joao Almeida,1998,Deceuninck-Quick Step,+ 46,,Volta Catalunya - 2021 stage 03 : Canal Olímpic de Catalunya - Vallter 2000
16,17,Matteo Badilatti,1992,Groupama-FDJ,+ 01:03,,Volta Catalunya - 2021 stage 03 : Canal Olímpic de Catalunya - Vallter 2000
17,18,Mikel Bizkarra,1989,Euskaltel-Euskadi,+ 01:09,,Volta Catalunya - 2021 stage 03 : Canal Olímpic de Catalunya - Vallter 2000
18,19,Lennard Kämna,1996,BORA-hansgrohe,+ 01:09,,Volta Catalunya - 2021 stage 03 : Canal Olímpic de Catalunya - Vallter 2000
19,20,Brandon McNulty,1998,UAE Team Emirates,+ 01:21,,Volta Catalunya - 2021 stage 03 : Canal Olímpic de Catalunya - Vallter 2000
20,21,Antwan Tolhoek,1994,Jumbo-Visma,+ 01:29,,Volta Catalunya - 2021 stage 03 : Canal Olímpic de Catalunya - Vallter 2000
21,22,Richard Carapaz,1993,INEOS Grenadiers,+ 01:29,,Volta Catalunya - 2021 stage 03 : Canal Olímpic de Catalunya - Vallter 2000
22,23,Fausto Masnada,1993,Deceuninck-Quick Step,+ 01:29,,Volta Catalunya - 2021 stage 03 : Canal Olímpic de Catalunya - Vallter 2000
23,24,Steven Kruijswijk,1987,Jumbo-Visma,+ 01:29,,Volta Catalunya - 2021 stage 03 : Canal Olímpic de Catalunya - Vallter 2000
24,25,Santiago Buitrago,1999,Bahrain Victorious,+ 02:07,,Volta Catalunya - 2021 stage 03 : Canal Olímpic de Catalunya - Vallter 2000
25,26,Jonathan Caicedo,1993,EF Education-NIPPO,+ 02:07,,Volta Catalunya - 2021 stage 03 : Canal Olímpic de Catalunya - Vallter 2000
26,27,Stephen Williams,1996,Bahrain Victorious,+ 02:35,,Volta Catalunya - 2021 stage 03 : Canal Olímpic de Catalunya - Vallter 2000
27,28,Maxim Van Gils,1999,Lotto Soudal,+ 02:39,,Volta Catalunya - 2021 stage 03 : Canal Olímpic de Catalunya - Vallter 2000
28,29,Chris Hamilton,1995,Team DSM,+ 02:42,,Volta Catalunya - 2021 stage 03 : Canal Olímpic de Catalunya - Vallter 2000
29,30,Thymen Arensman,1999,Team DSM,+ 02:48,,Volta Catalunya - 2021 stage 03 : Canal Olímpic de Catalunya - Vallter 2000
30,31,Antonio Pedrero,1991,Movistar Team,+ 02:56,,Volta Catalunya - 2021 stage 03 : Canal Olímpic de Catalunya - Vallter 2000
31,32,Ruben Guerreiro,1994,EF Education-NIPPO,+ 02:56,,Volta Catalunya - 2021 stage 03 : Canal Olímpic de Catalunya - Vallter 2000
32,33,Óscar Rodríguez,1995,Astana-Premier Tech,+ 02:56,,Volta Catalunya - 2021 stage 03 : Canal Olímpic de Catalunya - Vallter 2000
33,34,Juan Pedro Lopez,1997,Trek-Segafredo,+ 03:06,,Volta Catalunya - 2021 stage 03 : Canal Olímpic de Catalunya - Vallter 2000
34,35,Jaime Castrillo,1996,Kern Pharma,+ 03:06,,Volta Catalunya - 2021 stage 03 : Canal Olímpic de Catalunya - Vallter 2000
35,36,Jai Hindley,1996,Team DSM,+ 03:06,,Volta Catalunya - 2021 stage 03 : Canal Olímpic de Catalunya - Vallter 2000
36,37,David De La Cruz,1989,UAE Team Emirates,+ 03:10,,Volta Catalunya - 2021 stage 03 : Canal Olímpic de Catalunya - Vallter 2000
37,38,Roger Adriá,1998,Kern Pharma,+ 03:10,,Volta Catalunya - 2021 stage 03 : Canal Olímpic de Catalunya - Vallter 2000
38,39,Nicolas Edet,1987,Cofidis,+ 03:36,,Volta Catalunya - 2021 stage 03 : Canal Olímpic de Catalunya - Vallter 2000
39,40,Ilnur Zakarin,1989,Gazprom-RusVelo,+ 04:00,,Volta Catalunya - 2021 stage 03 : Canal Olímpic de Catalunya - Vallter 2000
40,41,Steff Cras,1996,Lotto Soudal,+ 04:02,,Volta Catalunya - 2021 stage 03 : Canal Olímpic de Catalunya - Vallter 2000
41,42,Chris Harper,1994,Jumbo-Visma,+ 04:12,,Volta Catalunya - 2021 stage 03 : Canal Olímpic de Catalunya - Vallter 2000
42,43,Luis Angel Mate,1984,Euskaltel-Euskadi,+ 04:18,,Volta Catalunya - 2021 stage 03 : Canal Olímpic de Catalunya - Vallter 2000
43,44,Sebastien Reichenbach,1989,Groupama-FDJ,+ 04:23,,Volta Catalunya - 2021 stage 03 : Canal Olímpic de Catalunya - Vallter 2000
44,45,Daniel Martin,1986,Israel Start-Up Nation,+ 04:45,,Volta Catalunya - 2021 stage 03 : Canal Olímpic de Catalunya - Vallter 2000
45,46,Joe Dombrowski,1991,UAE Team Emirates,+ 04:55,,Volta Catalunya - 2021 stage 03 : Canal Olímpic de Catalunya - Vallter 2000
46,47,Ben Zwiehoff,1994,BORA-hansgrohe,+ 05:15,,Volta Catalunya - 2021 stage 03 : Canal Olímpic de Catalunya - Vallter 2000
47,48,Artem Nych,1995,Gazprom-RusVelo,+ 05:19,,Volta Catalunya - 2021 stage 03 : Canal Olímpic de Catalunya - Vallter 2000
48,49,Attila Valter,1998,Groupama-FDJ,+ 05:34,,Volta Catalunya - 2021 stage 03 : Canal Olímpic de Catalunya - Vallter 2000
49,50,Rob Britton,1984,Rally Cycling,+ 05:43,,Volta Catalunya - 2021 stage 03 : Canal Olímpic de Catalunya - Vallter 2000
50,51,Chris Froome,1985,Israel Start-Up Nation,+ 05:43,,Volta Catalunya - 2021 stage 03 : Canal Olímpic de Catalunya - Vallter 2000
51,52,Jérémy Bellicaud,1998,Intermarché-Wanty-Gobert,+ 06:04,,Volta Catalunya - 2021 stage 03 : Canal Olímpic de Catalunya - Vallter 2000
52,53,Sylvain Moniquet,1998,Lotto Soudal,+ 06:04,,Volta Catalunya - 2021 stage 03 : Canal Olímpic de Catalunya - Vallter 2000
53,54,Rein Taaramäe,1987,Intermarché-Wanty-Gobert,+ 06:06,,Volta Catalunya - 2021 stage 03 : Canal Olímpic de Catalunya - Vallter 2000
54,55,Jose Herrada,1985,Cofidis,+ 06:06,,Volta Catalunya - 2021 stage 03 : Canal Olímpic de Catalunya - Vallter 2000
55,56,Hermann Pernsteiner,1990,Bahrain Victorious,+ 06:18,,Volta Catalunya - 2021 stage 03 : Canal Olímpic de Catalunya - Vallter 2000
56,57,Simone Petilli,1993,Intermarché-Wanty-Gobert,+ 06:31,,Volta Catalunya - 2021 stage 03 : Canal Olímpic de Catalunya - Vallter 2000
57,58,Daniel Alejandro Mendez,2000,Kern Pharma,+ 07:05,,Volta Catalunya - 2021 stage 03 : Canal Olímpic de Catalunya - Vallter 2000
58,59,Clément Champoussin,1998,AG2R Citroën Team,+ 07:18,,Volta Catalunya - 2021 stage 03 : Canal Olímpic de Catalunya - Vallter 2000
59,60,Elie Gesbert,1995,Arkéa-Samsic,+ 07:32,,Volta Catalunya - 2021 stage 03 : Canal Olímpic de Catalunya - Vallter 2000
60,61,Alexander Evans,1997,Intermarché-Wanty-Gobert,+ 07:33,,Volta Catalunya - 2021 stage 03 : Canal Olímpic de Catalunya - Vallter 2000
61,62,Mikel Iturria,1992,Euskaltel-Euskadi,+ 07:59,,Volta Catalunya - 2021 stage 03 : Canal Olímpic de Catalunya - Vallter 2000
62,63,Andres Ardila,1999,UAE Team Emirates,+ 08:03,,Volta Catalunya - 2021 stage 03 : Canal Olímpic de Catalunya - Vallter 2000
63,64,Thomas Champion,1999,Cofidis,+ 08:27,,Volta Catalunya - 2021 stage 03 : Canal Olímpic de Catalunya - Vallter 2000
64,65,Dmitriy Strakhov,1995,Gazprom-RusVelo,+ 08:32,,Volta Catalunya - 2021 stage 03 : Canal Olímpic de Catalunya - Vallter 2000
65,66,Clément Venturini,1993,AG2R Citroën Team,+ 09:11,,Volta Catalunya - 2021 stage 03 : Canal Olímpic de Catalunya - Vallter 2000
66,67,François Bidard,1992,AG2R Citroën Team,+ 09:11,,Volta Catalunya - 2021 stage 03 : Canal Olímpic de Catalunya - Vallter 2000
67,68,Sergio Samitier,1995,Movistar Team,+ 09:25,,Volta Catalunya - 2021 stage 03 : Canal Olímpic de Catalunya - Vallter 2000
68,69,Luis León Sánchez,1983,Astana-Premier Tech,+ 09:25,,Volta Catalunya - 2021 stage 03 : Canal Olímpic de Catalunya - Vallter 2000
69,70,Alexander Kamp,1993,Trek-Segafredo,+ 09:25,,Volta Catalunya - 2021 stage 03 : Canal Olímpic de Catalunya - Vallter 2000
70,71,Savva Novikov,1999,Kern Pharma,+ 09:43,,Volta Catalunya - 2021 stage 03 : Canal Olímpic de Catalunya - Vallter 2000
71,72,Rohan Dennis,1990,INEOS Grenadiers,+ 10:11,,Volta Catalunya - 2021 stage 03 : Canal Olímpic de Catalunya - Vallter 2000
72,73,Jonathan Castroviejo,1987,INEOS Grenadiers,+ 10:11,,Volta Catalunya - 2021 stage 03 : Canal Olímpic de Catalunya - Vallter 2000
73,74,Rémy Rochas,1996,Cofidis,+ 10:11,,Volta Catalunya - 2021 stage 03 : Canal Olímpic de Catalunya - Vallter 2000
74,75,Merhawi Kudus,1994,Astana-Premier Tech,+ 10:11,,Volta Catalunya - 2021 stage 03 : Canal Olímpic de Catalunya - Vallter 2000
75,76,Anthony Delaplace,1989,Arkéa-Samsic,+ 10:11,,Volta Catalunya - 2021 stage 03 : Canal Olímpic de Catalunya - Vallter 2000
76,77,Daryl Impey,1984,Israel Start-Up Nation,+ 10:11,,Volta Catalunya - 2021 stage 03 : Canal Olímpic de Catalunya - Vallter 2000
77,78,Tanel Kangert,1987,Team BikeExchange,+ 10:11,,Volta Catalunya - 2021 stage 03 : Canal Olímpic de Catalunya - Vallter 2000
78,79,James Knox,1995,Deceuninck-Quick Step,+ 10:11,,Volta Catalunya - 2021 stage 03 : Canal Olímpic de Catalunya - Vallter 2000
79,80,Jaakko Hänninen,1997,AG2R Citroën Team,+ 10:11,,Volta Catalunya - 2021 stage 03 : Canal Olímpic de Catalunya - Vallter 2000
80,81,Kilian Frankiny,1994,Qhubeka ASSOS,+ 10:11,,Volta Catalunya - 2021 stage 03 : Canal Olímpic de Catalunya - Vallter 2000
81,82,Ben Gastauer,1987,AG2R Citroën Team,+ 10:11,,Volta Catalunya - 2021 stage 03 : Canal Olímpic de Catalunya - Vallter 2000
82,83,Michel Ries,1998,Trek-Segafredo,+ 10:11,,Volta Catalunya - 2021 stage 03 : Canal Olímpic de Catalunya - Vallter 2000
83,84,Sergey Chernetskiy,1990,Gazprom-RusVelo,+ 10:11,,Volta Catalunya - 2021 stage 03 : Canal Olímpic de Catalunya - Vallter 2000
84,85,Urko Berrade,1997,Kern Pharma,+ 10:11,,Volta Catalunya - 2021 stage 03 : Canal Olímpic de Catalunya - Vallter 2000
85,86,Nathan Brown,1991,Rally Cycling,+ 10:11,,Volta Catalunya - 2021 stage 03 : Canal Olímpic de Catalunya - Vallter 2000
86,87,Rigoberto Uran,1987,EF Education-NIPPO,+ 10:54,,Volta Catalunya - 2021 stage 03 : Canal Olímpic de Catalunya - Vallter 2000
87,88,George Bennett,1990,Jumbo-Visma,+ 11:13,,Volta Catalunya - 2021 stage 03 : Canal Olímpic de Catalunya - Vallter 2000
88,89,Michael Storer,1997,Team DSM,+ 11:15,,Volta Catalunya - 2021 stage 03 : Canal Olímpic de Catalunya - Vallter 2000
89,90,Koen Bouwman,1993,Jumbo-Visma,+ 11:43,,Volta Catalunya - 2021 stage 03 : Canal Olímpic de Catalunya - Vallter 2000
90,91,Dries Devenyns,1983,Deceuninck-Quick Step,+ 11:43,,Volta Catalunya - 2021 stage 03 : Canal Olímpic de Catalunya - Vallter 2000
91,92,Jonas Gregaard,1996,Astana-Premier Tech,+ 11:51,,Volta Catalunya - 2021 stage 03 : Canal Olímpic de Catalunya - Vallter 2000
92,93,Diego Camargo,1998,EF Education-NIPPO,+ 11:51,,Volta Catalunya - 2021 stage 03 : Canal Olímpic de Catalunya - Vallter 2000
93,94,Stefan de Bod,1996,Astana-Premier Tech,+ 12:27,,Volta Catalunya - 2021 stage 03 : Canal Olímpic de Catalunya - Vallter 2000
94,95,Ruben Fernandez,1991,Cofidis,+ 12:43,,Volta Catalunya - 2021 stage 03 : Canal Olímpic de Catalunya - Vallter 2000
95,96,Gianluca Brambilla,1987,Trek-Segafredo,+ 12:43,,Volta Catalunya - 2021 stage 03 : Canal Olímpic de Catalunya - Vallter 2000
96,97,Fernando Barceló,1996,Cofidis,+ 12:43,,Volta Catalunya - 2021 stage 03 : Canal Olímpic de Catalunya - Vallter 2000
97,98,Bob Jungels,1992,AG2R Citroën Team,+ 12:43,,Volta Catalunya - 2021 stage 03 : Canal Olímpic de Catalunya - Vallter 2000
98,99,Natnael Berhane,1991,Cofidis,+ 12:43,,Volta Catalunya - 2021 stage 03 : Canal Olímpic de Catalunya - Vallter 2000
99,100,Sean Bennett,1996,Qhubeka ASSOS,+ 12:43,,Volta Catalunya - 2021 stage 03 : Canal Olímpic de Catalunya - Vallter 2000
100,101,Denis Nekrasov,1997,Gazprom-RusVelo,+ 12:43,,Volta Catalunya - 2021 stage 03 : Canal Olímpic de Catalunya - Vallter 2000
101,102,Tejay Van Garderen,1988,EF Education-NIPPO,+ 12:43,,Volta Catalunya - 2021 stage 03 : Canal Olímpic de Catalunya - Vallter 2000
102,103,Marc Hirschi,1998,UAE Team Emirates,+ 12:43,,Volta Catalunya - 2021 stage 03 : Canal Olímpic de Catalunya - Vallter 2000
103,104,Robert Gesink,1986,Jumbo-Visma,+ 12:43,,Volta Catalunya - 2021 stage 03 : Canal Olímpic de Catalunya - Vallter 2000
104,105,Pavel Kochetkov,1986,Gazprom-RusVelo,+ 12:43,,Volta Catalunya - 2021 stage 03 : Canal Olímpic de Catalunya - Vallter 2000
105,106,Sander Armee,1985,Qhubeka ASSOS,+ 12:43,,Volta Catalunya - 2021 stage 03 : Canal Olímpic de Catalunya - Vallter 2000
106,107,Vadim Pronskiy,1998,Astana-Premier Tech,+ 12:43,,Volta Catalunya - 2021 stage 03 : Canal Olímpic de Catalunya - Vallter 2000
107,108,Omer Goldstein,1996,Israel Start-Up Nation,+ 12:43,,Volta Catalunya - 2021 stage 03 : Canal Olímpic de Catalunya - Vallter 2000
108,109,Kenny Elissonde,1991,Trek-Segafredo,+ 12:49,,Volta Catalunya - 2021 stage 03 : Canal Olímpic de Catalunya - Vallter 2000
109,110,Tomasz Marczynski,1984,Lotto Soudal,+ 13:35,,Volta Catalunya - 2021 stage 03 : Canal Olímpic de Catalunya - Vallter 2000
110,111,Brent Bookwalter,1984,Team BikeExchange,+ 13:35,,Volta Catalunya - 2021 stage 03 : Canal Olímpic de Catalunya - Vallter 2000
111,112,Antoine Duchesne,1991,Groupama-FDJ,+ 13:49,,Volta Catalunya - 2021 stage 03 : Canal Olímpic de Catalunya - Vallter 2000
112,113,Andreas Kron,1998,Lotto Soudal,+ 14:22,,Volta Catalunya - 2021 stage 03 : Canal Olímpic de Catalunya - Vallter 2000
113,114,Mattias Skjelmose Jensen,2000,Trek-Segafredo,+ 14:22,,Volta Catalunya - 2021 stage 03 : Canal Olímpic de Catalunya - Vallter 2000
114,115,Harold Tejada,1997,Astana-Premier Tech,+ 14:22,,Volta Catalunya - 2021 stage 03 : Canal Olímpic de Catalunya - Vallter 2000
115,116,Francisco Galván,1997,Kern Pharma,+ 14:27,,Volta Catalunya - 2021 stage 03 : Canal Olímpic de Catalunya - Vallter 2000
116,117,Roman Kreuziger,1986,Gazprom-RusVelo,+ 15:27,,Volta Catalunya - 2021 stage 03 : Canal Olímpic de Catalunya - Vallter 2000
117,118,Peter Sagan,1990,BORA-hansgrohe,+ 15:27,,Volta Catalunya - 2021 stage 03 : Canal Olímpic de Catalunya - Vallter 2000
118,119,Lukasz Owsian,1990,Arkéa-Samsic,+ 15:27,,Volta Catalunya - 2021 stage 03 : Canal Olímpic de Catalunya - Vallter 2000
119,120,Laurent Pichon,1986,Arkéa-Samsic,+ 15:27,,Volta Catalunya - 2021 stage 03 : Canal Olímpic de Catalunya - Vallter 2000
120,121,Alexander Cataford,1993,Israel Start-Up Nation,+ 15:27,,Volta Catalunya - 2021 stage 03 : Canal Olímpic de Catalunya - Vallter 2000
121,122,Gavin Mannion,1991,Rally Cycling,+ 15:27,,Volta Catalunya - 2021 stage 03 : Canal Olímpic de Catalunya - Vallter 2000
122,123,Nickolas Zukowsky,1998,Rally Cycling,+ 15:27,,Volta Catalunya - 2021 stage 03 : Canal Olímpic de Catalunya - Vallter 2000
123,124,Marc Soler,1993,Movistar Team,+ 15:27,,Volta Catalunya - 2021 stage 03 : Canal Olímpic de Catalunya - Vallter 2000
124,125,Joey Rosskopf,1989,Rally Cycling,+ 15:27,,Volta Catalunya - 2021 stage 03 : Canal Olímpic de Catalunya - Vallter 2000
125,126,Carlos Verona,1992,Movistar Team,+ 15:27,,Volta Catalunya - 2021 stage 03 : Canal Olímpic de Catalunya - Vallter 2000
126,127,Gotzon Martin,1996,Euskaltel-Euskadi,+ 15:27,,Volta Catalunya - 2021 stage 03 : Canal Olímpic de Catalunya - Vallter 2000
127,128,Chad Haga,1988,Team DSM,+ 15:27,,Volta Catalunya - 2021 stage 03 : Canal Olímpic de Catalunya - Vallter 2000
128,129,Matthieu Ladagnous,1984,Groupama-FDJ,+ 15:27,,Volta Catalunya - 2021 stage 03 : Canal Olímpic de Catalunya - Vallter 2000
129,130,Martí  Márquez,1996,Kern Pharma,+ 15:27,,Volta Catalunya - 2021 stage 03 : Canal Olímpic de Catalunya - Vallter 2000
130,131,Thomas De Gendt,1986,Lotto Soudal,+ 15:27,,Volta Catalunya - 2021 stage 03 : Canal Olímpic de Catalunya - Vallter 2000
131,132,Dario Cataldo,1985,Movistar Team,+ 15:27,,Volta Catalunya - 2021 stage 03 : Canal Olímpic de Catalunya - Vallter 2000
132,133,Callum Scotson,1996,Team BikeExchange,+ 15:27,,Volta Catalunya - 2021 stage 03 : Canal Olímpic de Catalunya - Vallter 2000
133,134,Sebastian Molano,1994,UAE Team Emirates,+ 15:27,,Volta Catalunya - 2021 stage 03 : Canal Olímpic de Catalunya - Vallter 2000
134,135,Reto Hollenstein,1985,Israel Start-Up Nation,+ 15:27,,Volta Catalunya - 2021 stage 03 : Canal Olímpic de Catalunya - Vallter 2000
135,136,Antonio Soto,1994,Euskaltel-Euskadi,+ 15:27,,Volta Catalunya - 2021 stage 03 : Canal Olímpic de Catalunya - Vallter 2000
136,137,Dion Smith,1993,Team BikeExchange,+ 15:27,,Volta Catalunya - 2021 stage 03 : Canal Olímpic de Catalunya - Vallter 2000
137,138,Jan Hirt,1991,Intermarché-Wanty-Gobert,+ 15:27,,Volta Catalunya - 2021 stage 03 : Canal Olímpic de Catalunya - Vallter 2000
138,139,Reinardt Janse Van Rensburg,1989,Qhubeka ASSOS,+ 16:34,,Volta Catalunya - 2021 stage 03 : Canal Olímpic de Catalunya - Vallter 2000
139,140,Louis Meintjes,1992,Intermarché-Wanty-Gobert,+ 16:49,,Volta Catalunya - 2021 stage 03 : Canal Olímpic de Catalunya - Vallter 2000
140,141,Matej Mohoric,1994,Bahrain Victorious,+ 16:53,,Volta Catalunya - 2021 stage 03 : Canal Olímpic de Catalunya - Vallter 2000
141,142,Remi Cavagna,1995,Deceuninck-Quick Step,+ 16:53,,Volta Catalunya - 2021 stage 03 : Canal Olímpic de Catalunya - Vallter 2000
142,143,Connor Brown,1998,Qhubeka ASSOS,+ 16:53,,Volta Catalunya - 2021 stage 03 : Canal Olímpic de Catalunya - Vallter 2000
143,144,Wout Poels,1987,Bahrain Victorious,+ 17:38,,Volta Catalunya - 2021 stage 03 : Canal Olímpic de Catalunya - Vallter 2000
144,145,Michael Valgren,1992,EF Education-NIPPO,+ 17:38,,Volta Catalunya - 2021 stage 03 : Canal Olímpic de Catalunya - Vallter 2000
145,146,Colin Joyce,1994,Rally Cycling,+ 17:38,,Volta Catalunya - 2021 stage 03 : Canal Olímpic de Catalunya - Vallter 2000
146,147,Alan Riou,1997,Arkéa-Samsic,+ 17:53,,Volta Catalunya - 2021 stage 03 : Canal Olímpic de Catalunya - Vallter 2000
147,148,Ide Schelling,1998,BORA-hansgrohe,+ 17:53,,Volta Catalunya - 2021 stage 03 : Canal Olímpic de Catalunya - Vallter 2000
148,149,Max Kanter,1997,Team DSM,+ 17:53,,Volta Catalunya - 2021 stage 03 : Canal Olímpic de Catalunya - Vallter 2000
149,150,Robert Power,1995,Qhubeka ASSOS,+ 19:18,,Volta Catalunya - 2021 stage 03 : Canal Olímpic de Catalunya - Vallter 2000
150,151,Matis Louvel,1999,Arkéa-Samsic,+ 19:50,,Volta Catalunya - 2021 stage 03 : Canal Olímpic de Catalunya - Vallter 2000
151,152,Luke Rowe,1990,INEOS Grenadiers,+ 19:59,,Volta Catalunya - 2021 stage 03 : Canal Olímpic de Catalunya - Vallter 2000
152,153,Benjamin King,1989,Rally Cycling,+ 19:59,,Volta Catalunya - 2021 stage 03 : Canal Olímpic de Catalunya - Vallter 2000
153,154,Domen Novak,1995,Bahrain Victorious,+ 20:09,,Volta Catalunya - 2021 stage 03 : Canal Olímpic de Catalunya - Vallter 2000
154,155,Joan Bou,1997,Euskaltel-Euskadi,+ 20:11,,Volta Catalunya - 2021 stage 03 : Canal Olímpic de Catalunya - Vallter 2000
155,156,Simon Guglielmi,1997,Groupama-FDJ,+ 20:28,,Volta Catalunya - 2021 stage 03 : Canal Olímpic de Catalunya - Vallter 2000
156,157,William Bonnet,1982,Groupama-FDJ,+ 20:41,,Volta Catalunya - 2021 stage 03 : Canal Olímpic de Catalunya - Vallter 2000
157,158,Karel Vacek,2000,Qhubeka ASSOS,+ 21:17,,Volta Catalunya - 2021 stage 03 : Canal Olímpic de Catalunya - Vallter 2000
158,159,Frederik Wandahl,2001,BORA-hansgrohe,+ 21:26,,Volta Catalunya - 2021 stage 03 : Canal Olímpic de Catalunya - Vallter 2000
159,160,Josef Cerný,1993,Deceuninck-Quick Step,+ 21:26,,Volta Catalunya - 2021 stage 03 : Canal Olímpic de Catalunya - Vallter 2000
160,161,Juan Jose Lobato,1988,Euskaltel-Euskadi,+ 21:26,,Volta Catalunya - 2021 stage 03 : Canal Olímpic de Catalunya - Vallter 2000
161,162,Jordi Meeus,1998,BORA-hansgrohe,+ 21:26,,Volta Catalunya - 2021 stage 03 : Canal Olímpic de Catalunya - Vallter 2000
162,DNF,Tony Gallopin,1988,AG2R Citroën Team,,,Volta Catalunya - 2021 stage 03 : Canal Olímpic de Catalunya - Vallter 2000
0,01,Rohan Dennis,1990,INEOS Grenadiers,22:27,50,Volta Catalunya - 2021 stage 02 : Banyoles - Banyoles
1,02,Remi Cavagna,1995,Deceuninck-Quick Step,+ 05,20,Volta Catalunya - 2021 stage 02 : Banyoles - Banyoles
2,03,Joao Almeida,1998,Deceuninck-Quick Step,+ 28,8,Volta Catalunya - 2021 stage 02 : Banyoles - Banyoles
3,04,Brandon McNulty,1998,UAE Team Emirates,+ 28,,Volta Catalunya - 2021 stage 02 : Banyoles - Banyoles
4,05,Steven Kruijswijk,1987,Jumbo-Visma,+ 33,,Volta Catalunya - 2021 stage 02 : Banyoles - Banyoles
5,06,Richie Porte,1985,INEOS Grenadiers,+ 34,,Volta Catalunya - 2021 stage 02 : Banyoles - Banyoles
6,07,Adam Yates,1992,INEOS Grenadiers,+ 35,,Volta Catalunya - 2021 stage 02 : Banyoles - Banyoles
7,08,Josef Cerný,1993,Deceuninck-Quick Step,+ 38,,Volta Catalunya - 2021 stage 02 : Banyoles - Banyoles
8,09,Stefan de Bod,1996,Astana-Premier Tech,+ 38,,Volta Catalunya - 2021 stage 02 : Banyoles - Banyoles
9,10,Geraint Thomas,1986,INEOS Grenadiers,+ 47,,Volta Catalunya - 2021 stage 02 : Banyoles - Banyoles
10,11,Fausto Masnada,1993,Deceuninck-Quick Step,+ 48,,Volta Catalunya - 2021 stage 02 : Banyoles - Banyoles
11,12,Wilco Kelderman,1991,BORA-hansgrohe,+ 52,,Volta Catalunya - 2021 stage 02 : Banyoles - Banyoles
12,13,Luis León Sánchez,1983,Astana-Premier Tech,+ 53,,Volta Catalunya - 2021 stage 02 : Banyoles - Banyoles
13,14,Tejay Van Garderen,1988,EF Education-NIPPO,+ 54,,Volta Catalunya - 2021 stage 02 : Banyoles - Banyoles
14,15,Jonathan Castroviejo,1987,INEOS Grenadiers,+ 55,,Volta Catalunya - 2021 stage 02 : Banyoles - Banyoles
15,16,Thymen Arensman,1999,Team DSM,+ 58,,Volta Catalunya - 2021 stage 02 : Banyoles - Banyoles
16,17,Koen Bouwman,1993,Jumbo-Visma,+ 59,,Volta Catalunya - 2021 stage 02 : Banyoles - Banyoles
17,18,Thomas De Gendt,1986,Lotto Soudal,+ 01:01,,Volta Catalunya - 2021 stage 02 : Banyoles - Banyoles
18,19,Dries Devenyns,1983,Deceuninck-Quick Step,+ 01:02,,Volta Catalunya - 2021 stage 02 : Banyoles - Banyoles
19,20,Robert Gesink,1986,Jumbo-Visma,+ 01:05,,Volta Catalunya - 2021 stage 02 : Banyoles - Banyoles
20,21,Rigoberto Uran,1987,EF Education-NIPPO,+ 01:05,,Volta Catalunya - 2021 stage 02 : Banyoles - Banyoles
21,22,Lennard Kämna,1996,BORA-hansgrohe,+ 01:05,,Volta Catalunya - 2021 stage 02 : Banyoles - Banyoles
22,23,Urko Berrade,1997,Kern Pharma,+ 01:06,,Volta Catalunya - 2021 stage 02 : Banyoles - Banyoles
23,24,Marc Soler,1993,Movistar Team,+ 01:07,,Volta Catalunya - 2021 stage 02 : Banyoles - Banyoles
24,25,Hugh Carthy,1994,EF Education-NIPPO,+ 01:08,,Volta Catalunya - 2021 stage 02 : Banyoles - Banyoles
25,26,James Knox,1995,Deceuninck-Quick Step,+ 01:09,,Volta Catalunya - 2021 stage 02 : Banyoles - Banyoles
26,27,Simon Yates,1992,Team BikeExchange,+ 01:10,,Volta Catalunya - 2021 stage 02 : Banyoles - Banyoles
27,28,Daryl Impey,1984,Israel Start-Up Nation,+ 01:11,,Volta Catalunya - 2021 stage 02 : Banyoles - Banyoles
28,29,Matej Mohoric,1994,Bahrain Victorious,+ 01:12,,Volta Catalunya - 2021 stage 02 : Banyoles - Banyoles
29,30,Alejandro Valverde,1980,Movistar Team,+ 01:14,,Volta Catalunya - 2021 stage 02 : Banyoles - Banyoles
30,31,Michael Valgren,1992,EF Education-NIPPO,+ 01:14,,Volta Catalunya - 2021 stage 02 : Banyoles - Banyoles
31,32,Callum Scotson,1996,Team BikeExchange,+ 01:15,,Volta Catalunya - 2021 stage 02 : Banyoles - Banyoles
32,33,Attila Valter,1998,Groupama-FDJ,+ 01:16,,Volta Catalunya - 2021 stage 02 : Banyoles - Banyoles
33,34,Harold Tejada,1997,Astana-Premier Tech,+ 01:17,,Volta Catalunya - 2021 stage 02 : Banyoles - Banyoles
34,35,Jérémy Bellicaud,1998,Intermarché-Wanty-Gobert,+ 01:18,,Volta Catalunya - 2021 stage 02 : Banyoles - Banyoles
35,36,Enric Mas,1995,Movistar Team,+ 01:19,,Volta Catalunya - 2021 stage 02 : Banyoles - Banyoles
36,37,David De La Cruz,1989,UAE Team Emirates,+ 01:19,,Volta Catalunya - 2021 stage 02 : Banyoles - Banyoles
37,38,George Bennett,1990,Jumbo-Visma,+ 01:19,,Volta Catalunya - 2021 stage 02 : Banyoles - Banyoles
38,39,Richard Carapaz,1993,INEOS Grenadiers,+ 01:20,,Volta Catalunya - 2021 stage 02 : Banyoles - Banyoles
39,40,Anthony Delaplace,1989,Arkéa-Samsic,+ 01:20,,Volta Catalunya - 2021 stage 02 : Banyoles - Banyoles
40,41,Ruben Guerreiro,1994,EF Education-NIPPO,+ 01:21,,Volta Catalunya - 2021 stage 02 : Banyoles - Banyoles
41,42,Bob Jungels,1992,AG2R Citroën Team,+ 01:22,,Volta Catalunya - 2021 stage 02 : Banyoles - Banyoles
42,43,Sepp Kuss,1994,Jumbo-Visma,+ 01:23,,Volta Catalunya - 2021 stage 02 : Banyoles - Banyoles
43,44,Lucas Hamilton,1996,Team BikeExchange,+ 01:24,,Volta Catalunya - 2021 stage 02 : Banyoles - Banyoles
44,45,Harm Vanhoucke,1997,Lotto Soudal,+ 01:24,,Volta Catalunya - 2021 stage 02 : Banyoles - Banyoles
45,46,Chad Haga,1988,Team DSM,+ 01:24,,Volta Catalunya - 2021 stage 02 : Banyoles - Banyoles
46,47,Chris Harper,1994,Jumbo-Visma,+ 01:27,,Volta Catalunya - 2021 stage 02 : Banyoles - Banyoles
47,48,Tony Gallopin,1988,AG2R Citroën Team,+ 01:28,,Volta Catalunya - 2021 stage 02 : Banyoles - Banyoles
48,49,Steff Cras,1996,Lotto Soudal,+ 01:28,,Volta Catalunya - 2021 stage 02 : Banyoles - Banyoles
49,50,Marc Hirschi,1998,UAE Team Emirates,+ 01:28,,Volta Catalunya - 2021 stage 02 : Banyoles - Banyoles
50,51,Francisco Galván,1997,Kern Pharma,+ 01:30,,Volta Catalunya - 2021 stage 02 : Banyoles - Banyoles
51,52,Daniel Martin,1986,Israel Start-Up Nation,+ 01:30,,Volta Catalunya - 2021 stage 02 : Banyoles - Banyoles
52,53,Chris Hamilton,1995,Team DSM,+ 01:30,,Volta Catalunya - 2021 stage 02 : Banyoles - Banyoles
53,54,Clément Champoussin,1998,AG2R Citroën Team,+ 01:31,,Volta Catalunya - 2021 stage 02 : Banyoles - Banyoles
54,55,Jaime Castrillo,1996,Kern Pharma,+ 01:33,,Volta Catalunya - 2021 stage 02 : Banyoles - Banyoles
55,56,Nairo Quintana,1990,Arkéa-Samsic,+ 01:35,,Volta Catalunya - 2021 stage 02 : Banyoles - Banyoles
56,57,Roger Adriá,1998,Kern Pharma,+ 01:36,,Volta Catalunya - 2021 stage 02 : Banyoles - Banyoles
57,58,Dion Smith,1993,Team BikeExchange,+ 01:38,,Volta Catalunya - 2021 stage 02 : Banyoles - Banyoles
58,59,Óscar Rodríguez,1995,Astana-Premier Tech,+ 01:38,,Volta Catalunya - 2021 stage 02 : Banyoles - Banyoles
59,60,Esteban Chaves,1990,Team BikeExchange,+ 01:39,,Volta Catalunya - 2021 stage 02 : Banyoles - Banyoles
60,61,Santiago Buitrago,1999,Bahrain Victorious,+ 01:40,,Volta Catalunya - 2021 stage 02 : Banyoles - Banyoles
61,62,Reto Hollenstein,1985,Israel Start-Up Nation,+ 01:40,,Volta Catalunya - 2021 stage 02 : Banyoles - Banyoles
62,63,Wout Poels,1987,Bahrain Victorious,+ 01:40,,Volta Catalunya - 2021 stage 02 : Banyoles - Banyoles
63,64,Tanel Kangert,1987,Team BikeExchange,+ 01:42,,Volta Catalunya - 2021 stage 02 : Banyoles - Banyoles
64,65,Michael Woods,1986,Israel Start-Up Nation,+ 01:43,,Volta Catalunya - 2021 stage 02 : Banyoles - Banyoles
65,66,Juan Pedro Lopez,1997,Trek-Segafredo,+ 01:44,,Volta Catalunya - 2021 stage 02 : Banyoles - Banyoles
66,67,Connor Brown,1998,Qhubeka ASSOS,+ 01:48,,Volta Catalunya - 2021 stage 02 : Banyoles - Banyoles
67,68,Mattias Skjelmose Jensen,2000,Trek-Segafredo,+ 01:48,,Volta Catalunya - 2021 stage 02 : Banyoles - Banyoles
68,69,Sebastien Reichenbach,1989,Groupama-FDJ,+ 01:48,,Volta Catalunya - 2021 stage 02 : Banyoles - Banyoles
69,70,Laurent Pichon,1986,Arkéa-Samsic,+ 01:49,,Volta Catalunya - 2021 stage 02 : Banyoles - Banyoles
70,71,Nicolas Edet,1987,Cofidis,+ 01:50,,Volta Catalunya - 2021 stage 02 : Banyoles - Banyoles
71,72,Michael Storer,1997,Team DSM,+ 01:50,,Volta Catalunya - 2021 stage 02 : Banyoles - Banyoles
72,73,Jai Hindley,1996,Team DSM,+ 01:52,,Volta Catalunya - 2021 stage 02 : Banyoles - Banyoles
73,74,Ben Gastauer,1987,AG2R Citroën Team,+ 01:53,,Volta Catalunya - 2021 stage 02 : Banyoles - Banyoles
74,75,Ruben Fernandez,1991,Cofidis,+ 01:53,,Volta Catalunya - 2021 stage 02 : Banyoles - Banyoles
75,76,Giulio Ciccone,1994,Trek-Segafredo,+ 01:56,,Volta Catalunya - 2021 stage 02 : Banyoles - Banyoles
76,77,Alan Riou,1997,Arkéa-Samsic,+ 01:57,,Volta Catalunya - 2021 stage 02 : Banyoles - Banyoles
77,78,Ilnur Zakarin,1989,Gazprom-RusVelo,+ 01:58,,Volta Catalunya - 2021 stage 02 : Banyoles - Banyoles
78,79,Sylvain Moniquet,1998,Lotto Soudal,+ 02:01,,Volta Catalunya - 2021 stage 02 : Banyoles - Banyoles
79,80,Andreas Kron,1998,Lotto Soudal,+ 02:01,,Volta Catalunya - 2021 stage 02 : Banyoles - Banyoles
80,81,Ben Zwiehoff,1994,BORA-hansgrohe,+ 02:01,,Volta Catalunya - 2021 stage 02 : Banyoles - Banyoles
81,82,Kilian Frankiny,1994,Qhubeka ASSOS,+ 02:01,,Volta Catalunya - 2021 stage 02 : Banyoles - Banyoles
82,83,Matis Louvel,1999,Arkéa-Samsic,+ 02:02,,Volta Catalunya - 2021 stage 02 : Banyoles - Banyoles
83,84,Joe Dombrowski,1991,UAE Team Emirates,+ 02:02,,Volta Catalunya - 2021 stage 02 : Banyoles - Banyoles
84,85,Jonathan Caicedo,1993,EF Education-NIPPO,+ 02:02,,Volta Catalunya - 2021 stage 02 : Banyoles - Banyoles
85,86,Diego Camargo,1998,EF Education-NIPPO,+ 02:03,,Volta Catalunya - 2021 stage 02 : Banyoles - Banyoles
86,87,Sean Bennett,1996,Qhubeka ASSOS,+ 02:04,,Volta Catalunya - 2021 stage 02 : Banyoles - Banyoles
87,88,Rémy Rochas,1996,Cofidis,+ 02:04,,Volta Catalunya - 2021 stage 02 : Banyoles - Banyoles
88,89,Tomasz Marczynski,1984,Lotto Soudal,+ 02:05,,Volta Catalunya - 2021 stage 02 : Banyoles - Banyoles
89,90,Chris Froome,1985,Israel Start-Up Nation,+ 02:05,,Volta Catalunya - 2021 stage 02 : Banyoles - Banyoles
90,91,Daniel Alejandro Mendez,2000,Kern Pharma,+ 02:06,,Volta Catalunya - 2021 stage 02 : Banyoles - Banyoles
91,92,Gianluca Brambilla,1987,Trek-Segafredo,+ 02:07,,Volta Catalunya - 2021 stage 02 : Banyoles - Banyoles
92,93,Brent Bookwalter,1984,Team BikeExchange,+ 02:08,,Volta Catalunya - 2021 stage 02 : Banyoles - Banyoles
93,94,Max Kanter,1997,Team DSM,+ 02:09,,Volta Catalunya - 2021 stage 02 : Banyoles - Banyoles
94,95,Jonas Gregaard,1996,Astana-Premier Tech,+ 02:10,,Volta Catalunya - 2021 stage 02 : Banyoles - Banyoles
95,96,Gavin Mannion,1991,Rally Cycling,+ 02:10,,Volta Catalunya - 2021 stage 02 : Banyoles - Banyoles
96,97,Sander Armee,1985,Qhubeka ASSOS,+ 02:11,,Volta Catalunya - 2021 stage 02 : Banyoles - Banyoles
97,98,Joey Rosskopf,1989,Rally Cycling,+ 02:13,,Volta Catalunya - 2021 stage 02 : Banyoles - Banyoles
98,99,Reinardt Janse Van Rensburg,1989,Qhubeka ASSOS,+ 02:15,,Volta Catalunya - 2021 stage 02 : Banyoles - Banyoles
99,100,Martí  Márquez,1996,Kern Pharma,+ 02:16,,Volta Catalunya - 2021 stage 02 : Banyoles - Banyoles
100,101,Omer Goldstein,1996,Israel Start-Up Nation,+ 02:17,,Volta Catalunya - 2021 stage 02 : Banyoles - Banyoles
101,102,Antwan Tolhoek,1994,Jumbo-Visma,+ 02:17,,Volta Catalunya - 2021 stage 02 : Banyoles - Banyoles
102,103,Simon Guglielmi,1997,Groupama-FDJ,+ 02:17,,Volta Catalunya - 2021 stage 02 : Banyoles - Banyoles
103,104,Hermann Pernsteiner,1990,Bahrain Victorious,+ 02:18,,Volta Catalunya - 2021 stage 02 : Banyoles - Banyoles
104,105,Jose Herrada,1985,Cofidis,+ 02:19,,Volta Catalunya - 2021 stage 02 : Banyoles - Banyoles
105,106,Nickolas Zukowsky,1998,Rally Cycling,+ 02:19,,Volta Catalunya - 2021 stage 02 : Banyoles - Banyoles
106,107,Simone Petilli,1993,Intermarché-Wanty-Gobert,+ 02:19,,Volta Catalunya - 2021 stage 02 : Banyoles - Banyoles
107,108,Savva Novikov,1999,Kern Pharma,+ 02:20,,Volta Catalunya - 2021 stage 02 : Banyoles - Banyoles
108,109,Dmitriy Strakhov,1995,Gazprom-RusVelo,+ 02:20,,Volta Catalunya - 2021 stage 02 : Banyoles - Banyoles
109,110,Andres Ardila,1999,UAE Team Emirates,+ 02:21,,Volta Catalunya - 2021 stage 02 : Banyoles - Banyoles
110,111,Antonio Soto,1994,Euskaltel-Euskadi,+ 02:21,,Volta Catalunya - 2021 stage 02 : Banyoles - Banyoles
111,112,Dario Cataldo,1985,Movistar Team,+ 02:23,,Volta Catalunya - 2021 stage 02 : Banyoles - Banyoles
112,113,Alexander Kamp,1993,Trek-Segafredo,+ 02:25,,Volta Catalunya - 2021 stage 02 : Banyoles - Banyoles
113,114,Rob Britton,1984,Rally Cycling,+ 02:26,,Volta Catalunya - 2021 stage 02 : Banyoles - Banyoles
114,115,Artem Nych,1995,Gazprom-RusVelo,+ 02:26,,Volta Catalunya - 2021 stage 02 : Banyoles - Banyoles
115,116,Robert Power,1995,Qhubeka ASSOS,+ 02:27,,Volta Catalunya - 2021 stage 02 : Banyoles - Banyoles
116,117,Michel Ries,1998,Trek-Segafredo,+ 02:29,,Volta Catalunya - 2021 stage 02 : Banyoles - Banyoles
117,118,Alexander Cataford,1993,Israel Start-Up Nation,+ 02:31,,Volta Catalunya - 2021 stage 02 : Banyoles - Banyoles
118,119,Matteo Badilatti,1992,Groupama-FDJ,+ 02:32,,Volta Catalunya - 2021 stage 02 : Banyoles - Banyoles
119,120,Lukasz Owsian,1990,Arkéa-Samsic,+ 02:32,,Volta Catalunya - 2021 stage 02 : Banyoles - Banyoles
120,121,Merhawi Kudus,1994,Astana-Premier Tech,+ 02:37,,Volta Catalunya - 2021 stage 02 : Banyoles - Banyoles
121,122,Mikel Bizkarra,1989,Euskaltel-Euskadi,+ 02:39,,Volta Catalunya - 2021 stage 02 : Banyoles - Banyoles
122,123,Sergey Chernetskiy,1990,Gazprom-RusVelo,+ 02:39,,Volta Catalunya - 2021 stage 02 : Banyoles - Banyoles
123,124,Matthieu Ladagnous,1984,Groupama-FDJ,+ 02:40,,Volta Catalunya - 2021 stage 02 : Banyoles - Banyoles
124,125,Maxim Van Gils,1999,Lotto Soudal,+ 02:41,,Volta Catalunya - 2021 stage 02 : Banyoles - Banyoles
125,126,Denis Nekrasov,1997,Gazprom-RusVelo,+ 02:42,,Volta Catalunya - 2021 stage 02 : Banyoles - Banyoles
126,127,Peter Sagan,1990,BORA-hansgrohe,+ 02:45,,Volta Catalunya - 2021 stage 02 : Banyoles - Banyoles
127,128,Antoine Duchesne,1991,Groupama-FDJ,+ 02:48,,Volta Catalunya - 2021 stage 02 : Banyoles - Banyoles
128,129,Sebastian Molano,1994,UAE Team Emirates,+ 02:49,,Volta Catalunya - 2021 stage 02 : Banyoles - Banyoles
129,130,Luis Angel Mate,1984,Euskaltel-Euskadi,+ 02:49,,Volta Catalunya - 2021 stage 02 : Banyoles - Banyoles
130,131,Stephen Williams,1996,Bahrain Victorious,+ 02:50,,Volta Catalunya - 2021 stage 02 : Banyoles - Banyoles
131,132,Benjamin King,1989,Rally Cycling,+ 02:50,,Volta Catalunya - 2021 stage 02 : Banyoles - Banyoles
132,133,Sergio Samitier,1995,Movistar Team,+ 02:50,,Volta Catalunya - 2021 stage 02 : Banyoles - Banyoles
133,134,François Bidard,1992,AG2R Citroën Team,+ 02:50,,Volta Catalunya - 2021 stage 02 : Banyoles - Banyoles
134,135,Rein Taaramäe,1987,Intermarché-Wanty-Gobert,+ 02:53,,Volta Catalunya - 2021 stage 02 : Banyoles - Banyoles
135,136,William Bonnet,1982,Groupama-FDJ,+ 02:53,,Volta Catalunya - 2021 stage 02 : Banyoles - Banyoles
136,137,Nathan Brown,1991,Rally Cycling,+ 02:53,,Volta Catalunya - 2021 stage 02 : Banyoles - Banyoles
137,138,Clément Venturini,1993,AG2R Citroën Team,+ 02:54,,Volta Catalunya - 2021 stage 02 : Banyoles - Banyoles
138,139,Gotzon Martin,1996,Euskaltel-Euskadi,+ 02:54,,Volta Catalunya - 2021 stage 02 : Banyoles - Banyoles
139,140,Jordi Meeus,1998,BORA-hansgrohe,+ 02:58,,Volta Catalunya - 2021 stage 02 : Banyoles - Banyoles
140,141,Elie Gesbert,1995,Arkéa-Samsic,+ 03:00,,Volta Catalunya - 2021 stage 02 : Banyoles - Banyoles
141,142,Juan Jose Lobato,1988,Euskaltel-Euskadi,+ 03:03,,Volta Catalunya - 2021 stage 02 : Banyoles - Banyoles
142,143,Jaakko Hänninen,1997,AG2R Citroën Team,+ 03:04,,Volta Catalunya - 2021 stage 02 : Banyoles - Banyoles
143,144,Ide Schelling,1998,BORA-hansgrohe,+ 03:05,,Volta Catalunya - 2021 stage 02 : Banyoles - Banyoles
144,145,Karel Vacek,2000,Qhubeka ASSOS,+ 03:05,,Volta Catalunya - 2021 stage 02 : Banyoles - Banyoles
145,146,Thomas Champion,1999,Cofidis,+ 03:06,,Volta Catalunya - 2021 stage 02 : Banyoles - Banyoles
146,147,Kenny Elissonde,1991,Trek-Segafredo,+ 03:11,,Volta Catalunya - 2021 stage 02 : Banyoles - Banyoles
147,148,Jan Hirt,1991,Intermarché-Wanty-Gobert,+ 03:12,,Volta Catalunya - 2021 stage 02 : Banyoles - Banyoles
148,149,Mikel Iturria,1992,Euskaltel-Euskadi,+ 03:13,,Volta Catalunya - 2021 stage 02 : Banyoles - Banyoles
149,150,Antonio Pedrero,1991,Movistar Team,+ 03:15,,Volta Catalunya - 2021 stage 02 : Banyoles - Banyoles
150,151,Louis Meintjes,1992,Intermarché-Wanty-Gobert,+ 03:15,,Volta Catalunya - 2021 stage 02 : Banyoles - Banyoles
151,152,Vadim Pronskiy,1998,Astana-Premier Tech,+ 03:19,,Volta Catalunya - 2021 stage 02 : Banyoles - Banyoles
152,153,Fernando Barceló,1996,Cofidis,+ 03:21,,Volta Catalunya - 2021 stage 02 : Banyoles - Banyoles
153,154,Pavel Kochetkov,1986,Gazprom-RusVelo,+ 03:21,,Volta Catalunya - 2021 stage 02 : Banyoles - Banyoles
154,155,Carlos Verona,1992,Movistar Team,+ 03:22,,Volta Catalunya - 2021 stage 02 : Banyoles - Banyoles
155,156,Roman Kreuziger,1986,Gazprom-RusVelo,+ 03:23,,Volta Catalunya - 2021 stage 02 : Banyoles - Banyoles
156,157,Joan Bou,1997,Euskaltel-Euskadi,+ 03:25,,Volta Catalunya - 2021 stage 02 : Banyoles - Banyoles
157,158,Natnael Berhane,1991,Cofidis,+ 03:29,,Volta Catalunya - 2021 stage 02 : Banyoles - Banyoles
158,159,Domen Novak,1995,Bahrain Victorious,+ 03:36,,Volta Catalunya - 2021 stage 02 : Banyoles - Banyoles
159,160,Frederik Wandahl,2001,BORA-hansgrohe,+ 03:38,,Volta Catalunya - 2021 stage 02 : Banyoles - Banyoles
160,161,Luke Rowe,1990,INEOS Grenadiers,+ 03:57,,Volta Catalunya - 2021 stage 02 : Banyoles - Banyoles
161,162,Alexander Evans,1997,Intermarché-Wanty-Gobert,+ 04:38,,Volta Catalunya - 2021 stage 02 : Banyoles - Banyoles
162,163,Colin Joyce,1994,Rally Cycling,+ 05:05,,Volta Catalunya - 2021 stage 02 : Banyoles - Banyoles
163,DNS,Jan Bakelants,1986,Intermarché-Wanty-Gobert,,,Volta Catalunya - 2021 stage 02 : Banyoles - Banyoles
164,DNS,Nicolas Roche,1984,Team DSM,,,Volta Catalunya - 2021 stage 02 : Banyoles - Banyoles
0,01,Andreas Kron,1998,Lotto Soudal,04:20:15,50,Volta Catalunya - 2021 stage 01 : Calella - Calella
1,02,Luis León Sánchez,1983,Astana-Premier Tech,+ 00,20,Volta Catalunya - 2021 stage 01 : Calella - Calella
2,03,Rémy Rochas,1996,Cofidis,+ 00,8,Volta Catalunya - 2021 stage 01 : Calella - Calella
3,04,Lennard Kämna,1996,BORA-hansgrohe,+ 00,,Volta Catalunya - 2021 stage 01 : Calella - Calella
4,05,Dion Smith,1993,Team BikeExchange,+ 16,,Volta Catalunya - 2021 stage 01 : Calella - Calella
5,06,Matej Mohoric,1994,Bahrain Victorious,+ 16,,Volta Catalunya - 2021 stage 01 : Calella - Calella
6,07,Ide Schelling,1998,BORA-hansgrohe,+ 16,,Volta Catalunya - 2021 stage 01 : Calella - Calella
7,08,Alejandro Valverde,1980,Movistar Team,+ 16,,Volta Catalunya - 2021 stage 01 : Calella - Calella
8,09,Alexander Kamp,1993,Trek-Segafredo,+ 16,,Volta Catalunya - 2021 stage 01 : Calella - Calella
9,10,Michael Valgren,1992,EF Education-NIPPO,+ 16,,Volta Catalunya - 2021 stage 01 : Calella - Calella
10,11,Maxim Van Gils,1999,Lotto Soudal,+ 16,,Volta Catalunya - 2021 stage 01 : Calella - Calella
11,12,Daryl Impey,1984,Israel Start-Up Nation,+ 16,,Volta Catalunya - 2021 stage 01 : Calella - Calella
12,13,Ruben Guerreiro,1994,EF Education-NIPPO,+ 16,,Volta Catalunya - 2021 stage 01 : Calella - Calella
13,14,Francisco Galván,1997,Kern Pharma,+ 16,,Volta Catalunya - 2021 stage 01 : Calella - Calella
14,15,Nairo Quintana,1990,Arkéa-Samsic,+ 16,,Volta Catalunya - 2021 stage 01 : Calella - Calella
15,16,Nicolas Roche,1984,Team DSM,+ 16,,Volta Catalunya - 2021 stage 01 : Calella - Calella
16,17,Elie Gesbert,1995,Arkéa-Samsic,+ 16,,Volta Catalunya - 2021 stage 01 : Calella - Calella
17,18,Enric Mas,1995,Movistar Team,+ 16,,Volta Catalunya - 2021 stage 01 : Calella - Calella
18,19,Harold Tejada,1997,Astana-Premier Tech,+ 16,,Volta Catalunya - 2021 stage 01 : Calella - Calella
19,20,Anthony Delaplace,1989,Arkéa-Samsic,+ 16,,Volta Catalunya - 2021 stage 01 : Calella - Calella
20,21,Giulio Ciccone,1994,Trek-Segafredo,+ 16,,Volta Catalunya - 2021 stage 01 : Calella - Calella
21,22,Richard Carapaz,1993,INEOS Grenadiers,+ 16,,Volta Catalunya - 2021 stage 01 : Calella - Calella
22,23,Marc Hirschi,1998,UAE Team Emirates,+ 16,,Volta Catalunya - 2021 stage 01 : Calella - Calella
23,24,Mattias Skjelmose Jensen,2000,Trek-Segafredo,+ 16,,Volta Catalunya - 2021 stage 01 : Calella - Calella
24,25,Jai Hindley,1996,Team DSM,+ 16,,Volta Catalunya - 2021 stage 01 : Calella - Calella
25,26,Callum Scotson,1996,Team BikeExchange,+ 16,,Volta Catalunya - 2021 stage 01 : Calella - Calella
26,27,Joao Almeida,1998,Deceuninck-Quick Step,+ 16,,Volta Catalunya - 2021 stage 01 : Calella - Calella
27,28,Simone Petilli,1993,Intermarché-Wanty-Gobert,+ 16,,Volta Catalunya - 2021 stage 01 : Calella - Calella
28,29,Robert Power,1995,Qhubeka ASSOS,+ 16,,Volta Catalunya - 2021 stage 01 : Calella - Calella
29,30,Geraint Thomas,1986,INEOS Grenadiers,+ 16,,Volta Catalunya - 2021 stage 01 : Calella - Calella
30,31,Ruben Fernandez,1991,Cofidis,+ 16,,Volta Catalunya - 2021 stage 01 : Calella - Calella
31,32,Óscar Rodríguez,1995,Astana-Premier Tech,+ 16,,Volta Catalunya - 2021 stage 01 : Calella - Calella
32,33,Robert Gesink,1986,Jumbo-Visma,+ 16,,Volta Catalunya - 2021 stage 01 : Calella - Calella
33,34,Daniel Martin,1986,Israel Start-Up Nation,+ 16,,Volta Catalunya - 2021 stage 01 : Calella - Calella
34,35,Esteban Chaves,1990,Team BikeExchange,+ 16,,Volta Catalunya - 2021 stage 01 : Calella - Calella
35,36,Michael Woods,1986,Israel Start-Up Nation,+ 16,,Volta Catalunya - 2021 stage 01 : Calella - Calella
36,37,Clément Champoussin,1998,AG2R Citroën Team,+ 16,,Volta Catalunya - 2021 stage 01 : Calella - Calella
37,38,Steven Kruijswijk,1987,Jumbo-Visma,+ 16,,Volta Catalunya - 2021 stage 01 : Calella - Calella
38,39,Nicolas Edet,1987,Cofidis,+ 16,,Volta Catalunya - 2021 stage 01 : Calella - Calella
39,40,Joan Bou,1997,Euskaltel-Euskadi,+ 16,,Volta Catalunya - 2021 stage 01 : Calella - Calella
40,41,Adam Yates,1992,INEOS Grenadiers,+ 16,,Volta Catalunya - 2021 stage 01 : Calella - Calella
41,42,Wilco Kelderman,1991,BORA-hansgrohe,+ 16,,Volta Catalunya - 2021 stage 01 : Calella - Calella
42,43,Fausto Masnada,1993,Deceuninck-Quick Step,+ 16,,Volta Catalunya - 2021 stage 01 : Calella - Calella
43,44,Chris Hamilton,1995,Team DSM,+ 16,,Volta Catalunya - 2021 stage 01 : Calella - Calella
44,45,Carlos Verona,1992,Movistar Team,+ 16,,Volta Catalunya - 2021 stage 01 : Calella - Calella
45,46,Brandon McNulty,1998,UAE Team Emirates,+ 16,,Volta Catalunya - 2021 stage 01 : Calella - Calella
46,47,Antwan Tolhoek,1994,Jumbo-Visma,+ 16,,Volta Catalunya - 2021 stage 01 : Calella - Calella
47,48,James Knox,1995,Deceuninck-Quick Step,+ 16,,Volta Catalunya - 2021 stage 01 : Calella - Calella
48,49,Stefan de Bod,1996,Astana-Premier Tech,+ 16,,Volta Catalunya - 2021 stage 01 : Calella - Calella
49,50,Steff Cras,1996,Lotto Soudal,+ 16,,Volta Catalunya - 2021 stage 01 : Calella - Calella
50,51,Ilnur Zakarin,1989,Gazprom-RusVelo,+ 16,,Volta Catalunya - 2021 stage 01 : Calella - Calella
51,52,Sebastien Reichenbach,1989,Groupama-FDJ,+ 16,,Volta Catalunya - 2021 stage 01 : Calella - Calella
52,53,Richie Porte,1985,INEOS Grenadiers,+ 16,,Volta Catalunya - 2021 stage 01 : Calella - Calella
53,54,Harm Vanhoucke,1997,Lotto Soudal,+ 16,,Volta Catalunya - 2021 stage 01 : Calella - Calella
54,55,Hugh Carthy,1994,EF Education-NIPPO,+ 16,,Volta Catalunya - 2021 stage 01 : Calella - Calella
55,56,Mikel Iturria,1992,Euskaltel-Euskadi,+ 16,,Volta Catalunya - 2021 stage 01 : Calella - Calella
56,57,Simon Yates,1992,Team BikeExchange,+ 16,,Volta Catalunya - 2021 stage 01 : Calella - Calella
57,58,Rigoberto Uran,1987,EF Education-NIPPO,+ 16,,Volta Catalunya - 2021 stage 01 : Calella - Calella
58,59,Roman Kreuziger,1986,Gazprom-RusVelo,+ 16,,Volta Catalunya - 2021 stage 01 : Calella - Calella
59,60,Jaime Castrillo,1996,Kern Pharma,+ 16,,Volta Catalunya - 2021 stage 01 : Calella - Calella
60,61,Koen Bouwman,1993,Jumbo-Visma,+ 16,,Volta Catalunya - 2021 stage 01 : Calella - Calella
61,62,Michael Storer,1997,Team DSM,+ 16,,Volta Catalunya - 2021 stage 01 : Calella - Calella
62,63,Roger Adriá,1998,Kern Pharma,+ 16,,Volta Catalunya - 2021 stage 01 : Calella - Calella
63,64,Lucas Hamilton,1996,Team BikeExchange,+ 16,,Volta Catalunya - 2021 stage 01 : Calella - Calella
64,65,Santiago Buitrago,1999,Bahrain Victorious,+ 16,,Volta Catalunya - 2021 stage 01 : Calella - Calella
65,66,Sepp Kuss,1994,Jumbo-Visma,+ 16,,Volta Catalunya - 2021 stage 01 : Calella - Calella
66,67,David De La Cruz,1989,UAE Team Emirates,+ 16,,Volta Catalunya - 2021 stage 01 : Calella - Calella
67,68,Gianluca Brambilla,1987,Trek-Segafredo,+ 16,,Volta Catalunya - 2021 stage 01 : Calella - Calella
68,69,Daniel Alejandro Mendez,2000,Kern Pharma,+ 16,,Volta Catalunya - 2021 stage 01 : Calella - Calella
69,70,Jose Herrada,1985,Cofidis,+ 16,,Volta Catalunya - 2021 stage 01 : Calella - Calella
70,71,Juan Pedro Lopez,1997,Trek-Segafredo,+ 16,,Volta Catalunya - 2021 stage 01 : Calella - Calella
71,72,Jonathan Caicedo,1993,EF Education-NIPPO,+ 16,,Volta Catalunya - 2021 stage 01 : Calella - Calella
72,73,Chris Harper,1994,Jumbo-Visma,+ 16,,Volta Catalunya - 2021 stage 01 : Calella - Calella
73,74,Tanel Kangert,1987,Team BikeExchange,+ 16,,Volta Catalunya - 2021 stage 01 : Calella - Calella
74,75,George Bennett,1990,Jumbo-Visma,+ 16,,Volta Catalunya - 2021 stage 01 : Calella - Calella
75,76,Mikel Bizkarra,1989,Euskaltel-Euskadi,+ 16,,Volta Catalunya - 2021 stage 01 : Calella - Calella
76,77,Chad Haga,1988,Team DSM,+ 16,,Volta Catalunya - 2021 stage 01 : Calella - Calella
77,78,Jonathan Castroviejo,1987,INEOS Grenadiers,+ 16,,Volta Catalunya - 2021 stage 01 : Calella - Calella
78,79,Kenny Elissonde,1991,Trek-Segafredo,+ 16,,Volta Catalunya - 2021 stage 01 : Calella - Calella
79,80,Marc Soler,1993,Movistar Team,+ 16,,Volta Catalunya - 2021 stage 01 : Calella - Calella
80,81,Stephen Williams,1996,Bahrain Victorious,+ 34,,Volta Catalunya - 2021 stage 01 : Calella - Calella
81,82,Brent Bookwalter,1984,Team BikeExchange,+ 01:04,,Volta Catalunya - 2021 stage 01 : Calella - Calella
82,83,Rohan Dennis,1990,INEOS Grenadiers,+ 02:16,,Volta Catalunya - 2021 stage 01 : Calella - Calella
83,84,Urko Berrade,1997,Kern Pharma,+ 02:51,,Volta Catalunya - 2021 stage 01 : Calella - Calella
84,85,Rob Britton,1984,Rally Cycling,+ 05:35,,Volta Catalunya - 2021 stage 01 : Calella - Calella
85,86,Thomas De Gendt,1986,Lotto Soudal,+ 05:35,,Volta Catalunya - 2021 stage 01 : Calella - Calella
86,87,Matis Louvel,1999,Arkéa-Samsic,+ 08:30,,Volta Catalunya - 2021 stage 01 : Calella - Calella
87,88,Simon Guglielmi,1997,Groupama-FDJ,+ 08:30,,Volta Catalunya - 2021 stage 01 : Calella - Calella
88,89,Jérémy Bellicaud,1998,Intermarché-Wanty-Gobert,+ 08:30,,Volta Catalunya - 2021 stage 01 : Calella - Calella
89,90,Ben Zwiehoff,1994,BORA-hansgrohe,+ 08:30,,Volta Catalunya - 2021 stage 01 : Calella - Calella
90,91,Merhawi Kudus,1994,Astana-Premier Tech,+ 08:30,,Volta Catalunya - 2021 stage 01 : Calella - Calella
91,92,Joey Rosskopf,1989,Rally Cycling,+ 08:30,,Volta Catalunya - 2021 stage 01 : Calella - Calella
92,93,Lukasz Owsian,1990,Arkéa-Samsic,+ 08:30,,Volta Catalunya - 2021 stage 01 : Calella - Calella
93,94,Louis Meintjes,1992,Intermarché-Wanty-Gobert,+ 08:30,,Volta Catalunya - 2021 stage 01 : Calella - Calella
94,95,Joe Dombrowski,1991,UAE Team Emirates,+ 08:30,,Volta Catalunya - 2021 stage 01 : Calella - Calella
95,96,Chris Froome,1985,Israel Start-Up Nation,+ 08:30,,Volta Catalunya - 2021 stage 01 : Calella - Calella
96,97,Clément Venturini,1993,AG2R Citroën Team,+ 08:30,,Volta Catalunya - 2021 stage 01 : Calella - Calella
97,98,Thomas Champion,1999,Cofidis,+ 08:30,,Volta Catalunya - 2021 stage 01 : Calella - Calella
98,99,François Bidard,1992,AG2R Citroën Team,+ 08:30,,Volta Catalunya - 2021 stage 01 : Calella - Calella
99,100,Colin Joyce,1994,Rally Cycling,+ 08:30,,Volta Catalunya - 2021 stage 01 : Calella - Calella
100,101,Dario Cataldo,1985,Movistar Team,+ 08:30,,Volta Catalunya - 2021 stage 01 : Calella - Calella
101,102,Gavin Mannion,1991,Rally Cycling,+ 08:30,,Volta Catalunya - 2021 stage 01 : Calella - Calella
102,103,Sean Bennett,1996,Qhubeka ASSOS,+ 08:30,,Volta Catalunya - 2021 stage 01 : Calella - Calella
103,104,Attila Valter,1998,Groupama-FDJ,+ 08:30,,Volta Catalunya - 2021 stage 01 : Calella - Calella
104,105,Martí  Márquez,1996,Kern Pharma,+ 08:30,,Volta Catalunya - 2021 stage 01 : Calella - Calella
105,106,Domen Novak,1995,Bahrain Victorious,+ 08:30,,Volta Catalunya - 2021 stage 01 : Calella - Calella
106,107,Hermann Pernsteiner,1990,Bahrain Victorious,+ 08:30,,Volta Catalunya - 2021 stage 01 : Calella - Calella
107,108,Andres Ardila,1999,UAE Team Emirates,+ 08:30,,Volta Catalunya - 2021 stage 01 : Calella - Calella
108,109,Sebastian Molano,1994,UAE Team Emirates,+ 08:30,,Volta Catalunya - 2021 stage 01 : Calella - Calella
109,110,Tejay Van Garderen,1988,EF Education-NIPPO,+ 08:30,,Volta Catalunya - 2021 stage 01 : Calella - Calella
110,111,Bob Jungels,1992,AG2R Citroën Team,+ 08:30,,Volta Catalunya - 2021 stage 01 : Calella - Calella
111,112,Nathan Brown,1991,Rally Cycling,+ 08:30,,Volta Catalunya - 2021 stage 01 : Calella - Calella
112,113,Peter Sagan,1990,BORA-hansgrohe,+ 08:30,,Volta Catalunya - 2021 stage 01 : Calella - Calella
113,114,Dries Devenyns,1983,Deceuninck-Quick Step,+ 08:30,,Volta Catalunya - 2021 stage 01 : Calella - Calella
114,115,Rein Taaramäe,1987,Intermarché-Wanty-Gobert,+ 08:30,,Volta Catalunya - 2021 stage 01 : Calella - Calella
115,116,Antonio Pedrero,1991,Movistar Team,+ 08:30,,Volta Catalunya - 2021 stage 01 : Calella - Calella
116,117,Michel Ries,1998,Trek-Segafredo,+ 11:08,,Volta Catalunya - 2021 stage 01 : Calella - Calella
117,118,Natnael Berhane,1991,Cofidis,+ 11:08,,Volta Catalunya - 2021 stage 01 : Calella - Calella
118,119,Sergio Samitier,1995,Movistar Team,+ 11:08,,Volta Catalunya - 2021 stage 01 : Calella - Calella
119,120,Reto Hollenstein,1985,Israel Start-Up Nation,+ 11:08,,Volta Catalunya - 2021 stage 01 : Calella - Calella
120,121,Luis Angel Mate,1984,Euskaltel-Euskadi,+ 11:08,,Volta Catalunya - 2021 stage 01 : Calella - Calella
121,122,Sylvain Moniquet,1998,Lotto Soudal,+ 11:08,,Volta Catalunya - 2021 stage 01 : Calella - Calella
122,123,Antonio Soto,1994,Euskaltel-Euskadi,+ 11:08,,Volta Catalunya - 2021 stage 01 : Calella - Calella
123,124,Matteo Badilatti,1992,Groupama-FDJ,+ 11:08,,Volta Catalunya - 2021 stage 01 : Calella - Calella
124,125,Juan Jose Lobato,1988,Euskaltel-Euskadi,+ 11:08,,Volta Catalunya - 2021 stage 01 : Calella - Calella
125,126,Alexander Cataford,1993,Israel Start-Up Nation,+ 11:08,,Volta Catalunya - 2021 stage 01 : Calella - Calella
126,127,Savva Novikov,1999,Kern Pharma,+ 11:08,,Volta Catalunya - 2021 stage 01 : Calella - Calella
127,128,Reinardt Janse Van Rensburg,1989,Qhubeka ASSOS,+ 11:08,,Volta Catalunya - 2021 stage 01 : Calella - Calella
128,129,Tomasz Marczynski,1984,Lotto Soudal,+ 13:04,,Volta Catalunya - 2021 stage 01 : Calella - Calella
129,130,Max Kanter,1997,Team DSM,+ 13:04,,Volta Catalunya - 2021 stage 01 : Calella - Calella
130,131,Gotzon Martin,1996,Euskaltel-Euskadi,+ 13:04,,Volta Catalunya - 2021 stage 01 : Calella - Calella
131,132,Omer Goldstein,1996,Israel Start-Up Nation,+ 13:04,,Volta Catalunya - 2021 stage 01 : Calella - Calella
132,133,Denis Nekrasov,1997,Gazprom-RusVelo,+ 13:04,,Volta Catalunya - 2021 stage 01 : Calella - Calella
133,134,Remi Cavagna,1995,Deceuninck-Quick Step,+ 13:04,,Volta Catalunya - 2021 stage 01 : Calella - Calella
134,135,Thymen Arensman,1999,Team DSM,+ 13:04,,Volta Catalunya - 2021 stage 01 : Calella - Calella
135,136,Sander Armee,1985,Qhubeka ASSOS,+ 14:34,,Volta Catalunya - 2021 stage 01 : Calella - Calella
136,137,Fernando Barceló,1996,Cofidis,+ 14:34,,Volta Catalunya - 2021 stage 01 : Calella - Calella
137,138,Kilian Frankiny,1994,Qhubeka ASSOS,+ 14:34,,Volta Catalunya - 2021 stage 01 : Calella - Calella
138,139,Nickolas Zukowsky,1998,Rally Cycling,+ 14:34,,Volta Catalunya - 2021 stage 01 : Calella - Calella
139,140,Jordi Meeus,1998,BORA-hansgrohe,+ 14:34,,Volta Catalunya - 2021 stage 01 : Calella - Calella
140,141,Matthieu Ladagnous,1984,Groupama-FDJ,+ 14:34,,Volta Catalunya - 2021 stage 01 : Calella - Calella
141,142,Antoine Duchesne,1991,Groupama-FDJ,+ 14:34,,Volta Catalunya - 2021 stage 01 : Calella - Calella
142,143,Ben Gastauer,1987,AG2R Citroën Team,+ 14:34,,Volta Catalunya - 2021 stage 01 : Calella - Calella
143,144,William Bonnet,1982,Groupama-FDJ,+ 14:34,,Volta Catalunya - 2021 stage 01 : Calella - Calella
144,145,Laurent Pichon,1986,Arkéa-Samsic,+ 14:34,,Volta Catalunya - 2021 stage 01 : Calella - Calella
145,146,Benjamin King,1989,Rally Cycling,+ 14:34,,Volta Catalunya - 2021 stage 01 : Calella - Calella
146,147,Sergey Chernetskiy,1990,Gazprom-RusVelo,+ 14:34,,Volta Catalunya - 2021 stage 01 : Calella - Calella
147,148,Vadim Pronskiy,1998,Astana-Premier Tech,+ 14:34,,Volta Catalunya - 2021 stage 01 : Calella - Calella
148,149,Diego Camargo,1998,EF Education-NIPPO,+ 14:34,,Volta Catalunya - 2021 stage 01 : Calella - Calella
149,150,Jaakko Hänninen,1997,AG2R Citroën Team,+ 14:34,,Volta Catalunya - 2021 stage 01 : Calella - Calella
150,151,Pavel Kochetkov,1986,Gazprom-RusVelo,+ 14:34,,Volta Catalunya - 2021 stage 01 : Calella - Calella
151,152,Josef Cerný,1993,Deceuninck-Quick Step,+ 14:34,,Volta Catalunya - 2021 stage 01 : Calella - Calella
152,153,Dmitriy Strakhov,1995,Gazprom-RusVelo,+ 14:34,,Volta Catalunya - 2021 stage 01 : Calella - Calella
153,154,Artem Nych,1995,Gazprom-RusVelo,+ 14:34,,Volta Catalunya - 2021 stage 01 : Calella - Calella
154,155,Wout Poels,1987,Bahrain Victorious,+ 14:34,,Volta Catalunya - 2021 stage 01 : Calella - Calella
155,156,Jonas Gregaard,1996,Astana-Premier Tech,+ 14:34,,Volta Catalunya - 2021 stage 01 : Calella - Calella
156,157,Tony Gallopin,1988,AG2R Citroën Team,+ 14:34,,Volta Catalunya - 2021 stage 01 : Calella - Calella
157,158,Luke Rowe,1990,INEOS Grenadiers,+ 14:34,,Volta Catalunya - 2021 stage 01 : Calella - Calella
158,159,Alan Riou,1997,Arkéa-Samsic,+ 19:42,,Volta Catalunya - 2021 stage 01 : Calella - Calella
159,160,Frederik Wandahl,2001,BORA-hansgrohe,+ 19:42,,Volta Catalunya - 2021 stage 01 : Calella - Calella
160,161,Connor Brown,1998,Qhubeka ASSOS,+ 20:18,,Volta Catalunya - 2021 stage 01 : Calella - Calella
161,162,Alexander Evans,1997,Intermarché-Wanty-Gobert,+ 21:02,,Volta Catalunya - 2021 stage 01 : Calella - Calella
162,163,Jan Hirt,1991,Intermarché-Wanty-Gobert,+ 21:02,,Volta Catalunya - 2021 stage 01 : Calella - Calella
163,164,Jan Bakelants,1986,Intermarché-Wanty-Gobert,+ 23:17,,Volta Catalunya - 2021 stage 01 : Calella - Calella
164,165,Karel Vacek,2000,Qhubeka ASSOS,+ 23:17,,Volta Catalunya - 2021 stage 01 : Calella - Calella
165,DNF,Pieter Serry,1988,Deceuninck-Quick Step,,,Volta Catalunya - 2021 stage 01 : Calella - Calella
166,DNF,Rui Costa,1986,UAE Team Emirates,,,Volta Catalunya - 2021 stage 01 : Calella - Calella
0,01,Sam Bennett,1990,Deceuninck-Quick Step,4:27:40,300,Oxyclean Classic Brugge-De Panne - 2021
1,02,Jasper Philipsen,1998,Alpecin-Fenix,+ 00,250,Oxyclean Classic Brugge-De Panne - 2021
2,03,Pascal Ackermann,1994,BORA-hansgrohe,+ 00,215,Oxyclean Classic Brugge-De Panne - 2021
3,04,Giacomo Nizzolo,1989,Qhubeka ASSOS,+ 00,175,Oxyclean Classic Brugge-De Panne - 2021
4,05,Timothy Dupont,1987,Bingoal-WB,+ 00,120,Oxyclean Classic Brugge-De Panne - 2021
5,06,Hugo Hofstetter,1994,Israel Start-Up Nation,+ 00,115,Oxyclean Classic Brugge-De Panne - 2021
6,07,Cees Bol,1995,Team DSM,+ 00,95,Oxyclean Classic Brugge-De Panne - 2021
7,08,Michael Mørkøv,1985,Deceuninck-Quick Step,+ 00,75,Oxyclean Classic Brugge-De Panne - 2021
8,09,Elia Viviani,1989,Cofidis,+ 00,60,Oxyclean Classic Brugge-De Panne - 2021
9,10,Stanislaw Aniolkowski,1997,Bingoal-WB,+ 00,50,Oxyclean Classic Brugge-De Panne - 2021
10,11,Clément Russo,1995,Arkéa-Samsic,+ 00,40,Oxyclean Classic Brugge-De Panne - 2021
11,12,Lorrenzo Manzin,1994,Total Direct Energie,+ 00,35,Oxyclean Classic Brugge-De Panne - 2021
12,13,Jérémy Lecroq,1995,B&B Hotels p/b KTM,+ 00,30,Oxyclean Classic Brugge-De Panne - 2021
13,14,Fernando Gaviria,1994,UAE Team Emirates,+ 00,25,Oxyclean Classic Brugge-De Panne - 2021
14,15,Florian Vermeersch,1999,Lotto Soudal,+ 00,20,Oxyclean Classic Brugge-De Panne - 2021
15,16,Sonny Colbrelli,1990,Bahrain Victorious,+ 00,20,Oxyclean Classic Brugge-De Panne - 2021
16,17,Daniel McLay,1992,Arkéa-Samsic,+ 00,20,Oxyclean Classic Brugge-De Panne - 2021
17,18,Kristoffer Halvorsen,1996,Uno-X Pro Cycling Team,+ 00,20,Oxyclean Classic Brugge-De Panne - 2021
18,19,Matteo Moschetti,1996,Trek-Segafredo,+ 00,20,Oxyclean Classic Brugge-De Panne - 2021
19,20,Gijs Van Hoecke,1991,AG2R Citroën Team,+ 00,20,Oxyclean Classic Brugge-De Panne - 2021
20,21,Arne Marit,1999,Sport Vlaanderen-Baloise,+ 00,12,Oxyclean Classic Brugge-De Panne - 2021
21,22,Yevgeniy Gidich,1996,Astana-Premier Tech,+ 00,12,Oxyclean Classic Brugge-De Panne - 2021
22,23,Rick Zabel,1993,Israel Start-Up Nation,+ 00,12,Oxyclean Classic Brugge-De Panne - 2021
23,24,Alexander Konychev,1998,Team BikeExchange,+ 00,12,Oxyclean Classic Brugge-De Panne - 2021
24,25,Lawrence Naesen,1992,AG2R Citroën Team,+ 00,12,Oxyclean Classic Brugge-De Panne - 2021
25,26,Max Walscheid,1993,Qhubeka ASSOS,+ 00,12,Oxyclean Classic Brugge-De Panne - 2021
26,27,David Dekker,1998,Jumbo-Visma,+ 00,12,Oxyclean Classic Brugge-De Panne - 2021
27,28,Bert Van Lerberghe,1992,Deceuninck-Quick Step,+ 00,12,Oxyclean Classic Brugge-De Panne - 2021
28,29,Arnaud Démare,1991,Groupama-FDJ,+ 00,12,Oxyclean Classic Brugge-De Panne - 2021
29,30,Martin Laas,1993,BORA-hansgrohe,+ 00,12,Oxyclean Classic Brugge-De Panne - 2021
30,31,Jordi Warlop,1996,Sport Vlaanderen-Baloise,+ 00,5,Oxyclean Classic Brugge-De Panne - 2021
31,32,Luka Mezgec,1988,Team BikeExchange,+ 00,5,Oxyclean Classic Brugge-De Panne - 2021
32,33,Jonas Rickaert,1994,Alpecin-Fenix,+ 10,5,Oxyclean Classic Brugge-De Panne - 2021
33,34,Mikkel Bjerg,1998,UAE Team Emirates,+ 12,5,Oxyclean Classic Brugge-De Panne - 2021
34,35,Edward Theuns,1991,Trek-Segafredo,+ 12,5,Oxyclean Classic Brugge-De Panne - 2021
35,36,Artyom Zakharov,1991,Astana-Premier Tech,+ 12,5,Oxyclean Classic Brugge-De Panne - 2021
36,37,Ryan Gibbons,1994,UAE Team Emirates,+ 12,5,Oxyclean Classic Brugge-De Panne - 2021
37,38,Anthony Jullien,1998,AG2R Citroën Team,+ 12,5,Oxyclean Classic Brugge-De Panne - 2021
38,39,Gabriel Cullaigh,1996,Movistar Team,+ 12,5,Oxyclean Classic Brugge-De Panne - 2021
39,40,Simone Consonni,1994,Cofidis,+ 12,5,Oxyclean Classic Brugge-De Panne - 2021
40,41,Juraj Sagan,1988,BORA-hansgrohe,+ 12,5,Oxyclean Classic Brugge-De Panne - 2021
41,42,Jan Petelin,1996,Vini Zabú,+ 12,5,Oxyclean Classic Brugge-De Panne - 2021
42,43,Marc Sarreau,1993,AG2R Citroën Team,+ 12,5,Oxyclean Classic Brugge-De Panne - 2021
43,44,Yevgeniy Fedorov,2000,Astana-Premier Tech,+ 12,5,Oxyclean Classic Brugge-De Panne - 2021
44,45,Niklas Märkl,1999,Team DSM,+ 12,5,Oxyclean Classic Brugge-De Panne - 2021
45,46,Lluis Mas,1989,Movistar Team,+ 12,5,Oxyclean Classic Brugge-De Panne - 2021
46,47,Julien Duval,1990,AG2R Citroën Team,+ 12,5,Oxyclean Classic Brugge-De Panne - 2021
47,48,Tom Van Asbroeck,1990,Israel Start-Up Nation,+ 12,5,Oxyclean Classic Brugge-De Panne - 2021
48,49,Lionel Taminiaux,1996,Alpecin-Fenix,+ 12,5,Oxyclean Classic Brugge-De Panne - 2021
49,50,Dries van Gestel,1994,Total Direct Energie,+ 12,5,Oxyclean Classic Brugge-De Panne - 2021
50,51,Jack Bauer,1985,Team BikeExchange,+ 12,2,Oxyclean Classic Brugge-De Panne - 2021
51,52,Emils Liepins,1992,Trek-Segafredo,+ 12,2,Oxyclean Classic Brugge-De Panne - 2021
52,53,Gonzalo Serrano,1994,Movistar Team,+ 12,2,Oxyclean Classic Brugge-De Panne - 2021
53,54,Roberto Gonzalez,1994,Vini Zabú,+ 12,2,Oxyclean Classic Brugge-De Panne - 2021
54,55,Rüdiger Selig,1989,BORA-hansgrohe,+ 18,2,Oxyclean Classic Brugge-De Panne - 2021
55,56,Jens Debusschere,1989,B&B Hotels p/b KTM,+ 18,1,Oxyclean Classic Brugge-De Panne - 2021
56,57,Donavan Grondin,2000,Arkéa-Samsic,+ 19,1,Oxyclean Classic Brugge-De Panne - 2021
57,58,Jens Reynders,1998,Sport Vlaanderen-Baloise,+ 19,1,Oxyclean Classic Brugge-De Panne - 2021
58,59,Jenthe Biermans,1995,Israel Start-Up Nation,+ 19,1,Oxyclean Classic Brugge-De Panne - 2021
59,60,Ben Perry,1994,Astana-Premier Tech,+ 19,1,Oxyclean Classic Brugge-De Panne - 2021
60,61,Juri Hollmann,1999,Movistar Team,+ 19,,Oxyclean Classic Brugge-De Panne - 2021
61,62,Imanol Erviti,1983,Movistar Team,+ 19,,Oxyclean Classic Brugge-De Panne - 2021
62,63,Danny van Poppel,1993,Intermarché-Wanty-Gobert,+ 19,,Oxyclean Classic Brugge-De Panne - 2021
63,64,Alberto Dainese,1998,Team DSM,+ 19,,Oxyclean Classic Brugge-De Panne - 2021
64,65,Stefano Oldani,1998,Lotto Soudal,+ 19,,Oxyclean Classic Brugge-De Panne - 2021
65,66,Connor Swift,1995,Arkéa-Samsic,+ 19,,Oxyclean Classic Brugge-De Panne - 2021
66,67,Johan Jacobs,1997,Movistar Team,+ 19,,Oxyclean Classic Brugge-De Panne - 2021
67,68,Damien Touzé,1996,AG2R Citroën Team,+ 23,,Oxyclean Classic Brugge-De Panne - 2021
68,69,Norman Vahtra,1996,Israel Start-Up Nation,+ 23,,Oxyclean Classic Brugge-De Panne - 2021
69,70,Jacopo Guarnieri,1987,Groupama-FDJ,+ 24,,Oxyclean Classic Brugge-De Panne - 2021
70,71,Ramon Sinkeldam,1989,Groupama-FDJ,+ 26,,Oxyclean Classic Brugge-De Panne - 2021
71,72,Florian Sénéchal,1993,Deceuninck-Quick Step,+ 27,,Oxyclean Classic Brugge-De Panne - 2021
72,73,Alexis Renard,1999,Israel Start-Up Nation,+ 29,,Oxyclean Classic Brugge-De Panne - 2021
73,74,Olav Kooij,2001,Jumbo-Visma,+ 29,,Oxyclean Classic Brugge-De Panne - 2021
74,75,Boy van Poppel,1988,Intermarché-Wanty-Gobert,+ 34,,Oxyclean Classic Brugge-De Panne - 2021
75,76,Fabio Sabatini,1985,Cofidis,+ 34,,Oxyclean Classic Brugge-De Panne - 2021
76,77,Kenneth Vanbilsen,1990,Cofidis,+ 34,,Oxyclean Classic Brugge-De Panne - 2021
77,78,Tosh Van der Sande,1990,Lotto Soudal,+ 34,,Oxyclean Classic Brugge-De Panne - 2021
78,79,Riccardo Minali,1995,Intermarché-Wanty-Gobert,+ 34,,Oxyclean Classic Brugge-De Panne - 2021
79,80,Etienne Van Empel,1994,Vini Zabú,+ 44,,Oxyclean Classic Brugge-De Panne - 2021
80,81,Benjamin Declercq,1994,Arkéa-Samsic,+ 44,,Oxyclean Classic Brugge-De Panne - 2021
81,82,Ryan Mullen,1994,Trek-Segafredo,+ 44,,Oxyclean Classic Brugge-De Panne - 2021
82,83,Marcel Sieberg,1982,Bahrain Victorious,+ 44,,Oxyclean Classic Brugge-De Panne - 2021
83,84,Ruben Apers,1998,Sport Vlaanderen-Baloise,+ 44,,Oxyclean Classic Brugge-De Panne - 2021
84,85,Leonardo Tortomasi,1994,Vini Zabú,+ 44,,Oxyclean Classic Brugge-De Panne - 2021
85,86,Koen De Kort,1982,Trek-Segafredo,+ 44,,Oxyclean Classic Brugge-De Panne - 2021
86,87,Michael Schwarzmann,1991,BORA-hansgrohe,+ 44,,Oxyclean Classic Brugge-De Panne - 2021
87,88,Davide Martinelli,1993,Astana-Premier Tech,+ 44,,Oxyclean Classic Brugge-De Panne - 2021
88,89,Ludwig De Winter,1992,Intermarché-Wanty-Gobert,+ 44,,Oxyclean Classic Brugge-De Panne - 2021
89,90,Rasmus Tiller,1996,Uno-X Pro Cycling Team,+ 44,,Oxyclean Classic Brugge-De Panne - 2021
90,91,Erik Resell,1996,Uno-X Pro Cycling Team,+ 44,,Oxyclean Classic Brugge-De Panne - 2021
91,92,Bert-Jan Lindeman,1989,Qhubeka ASSOS,+ 51,,Oxyclean Classic Brugge-De Panne - 2021
92,93,Matteo Pelucchi,1989,Qhubeka ASSOS,+ 51,,Oxyclean Classic Brugge-De Panne - 2021
93,94,Barnabas Peak,1998,Team BikeExchange,+ 51,,Oxyclean Classic Brugge-De Panne - 2021
94,95,Laurenz Rex,1999,Bingoal-WB,+ 51,,Oxyclean Classic Brugge-De Panne - 2021
95,96,Kevin Van Melsen,1987,Intermarché-Wanty-Gobert,+ 51,,Oxyclean Classic Brugge-De Panne - 2021
96,97,Jonas Castrique,1997,Bingoal-WB,+ 51,,Oxyclean Classic Brugge-De Panne - 2021
97,98,Maximiliano Richeze,1983,UAE Team Emirates,+ 51,,Oxyclean Classic Brugge-De Panne - 2021
98,99,Christoph Pfingsten,1987,Jumbo-Visma,+ 51,,Oxyclean Classic Brugge-De Panne - 2021
99,100,Vegard Stake Laengen,1989,UAE Team Emirates,+ 51,,Oxyclean Classic Brugge-De Panne - 2021
100,101,Tom Bohli,1994,Cofidis,+ 51,,Oxyclean Classic Brugge-De Panne - 2021
101,102,Alex Edmondson,1993,Team BikeExchange,+ 51,,Oxyclean Classic Brugge-De Panne - 2021
102,103,Jonathan Milan,2000,Bahrain Victorious,+ 51,,Oxyclean Classic Brugge-De Panne - 2021
103,104,Sasha Weemaes,1998,Sport Vlaanderen-Baloise,+ 51,,Oxyclean Classic Brugge-De Panne - 2021
104,105,Joab Schneiter,1998,Vini Zabú,+ 51,,Oxyclean Classic Brugge-De Panne - 2021
105,106,Piet Allegaert,1995,Cofidis,+ 51,,Oxyclean Classic Brugge-De Panne - 2021
106,107,Pieter Vanspeybrouck,1987,Intermarché-Wanty-Gobert,+ 51,,Oxyclean Classic Brugge-De Panne - 2021
107,108,Fabian Lienhard,1993,Groupama-FDJ,+ 51,,Oxyclean Classic Brugge-De Panne - 2021
108,109,Brent Van Moer,1998,Lotto Soudal,+ 51,,Oxyclean Classic Brugge-De Panne - 2021
109,110,Sébastien Grignard,1999,Lotto Soudal,+ 51,,Oxyclean Classic Brugge-De Panne - 2021
110,111,Andreas Stokbro,1997,Qhubeka ASSOS,+ 51,,Oxyclean Classic Brugge-De Panne - 2021
111,112,Lasse Norman Hansen,1992,Qhubeka ASSOS,+ 51,,Oxyclean Classic Brugge-De Panne - 2021
112,113,Jos Van Emden,1985,Jumbo-Visma,+ 51,,Oxyclean Classic Brugge-De Panne - 2021
113,114,Marco Haller,1991,Bahrain Victorious,+ 51,,Oxyclean Classic Brugge-De Panne - 2021
114,115,André Greipel,1982,Israel Start-Up Nation,+ 51,,Oxyclean Classic Brugge-De Panne - 2021
115,116,Alvaro Hodeg,1996,Deceuninck-Quick Step,+ 51,,Oxyclean Classic Brugge-De Panne - 2021
116,117,Nicola Bagioli,1995,B&B Hotels p/b KTM,+ 51,,Oxyclean Classic Brugge-De Panne - 2021
117,118,Bert De Backer,1984,B&B Hotels p/b KTM,+ 51,,Oxyclean Classic Brugge-De Panne - 2021
118,119,Nathan Van Hooydonck,1995,Jumbo-Visma,+ 51,,Oxyclean Classic Brugge-De Panne - 2021
119,120,Maarten Wynants,1982,Jumbo-Visma,+ 51,,Oxyclean Classic Brugge-De Panne - 2021
120,121,Dmitriy Gruzdev,1986,Astana-Premier Tech,+ 51,,Oxyclean Classic Brugge-De Panne - 2021
121,122,Senne Leysen,1996,Alpecin-Fenix,+ 51,,Oxyclean Classic Brugge-De Panne - 2021
122,123,Lukasz Wisniowski,1991,Qhubeka ASSOS,+ 51,,Oxyclean Classic Brugge-De Panne - 2021
123,124,Syver Wærsted,1996,Uno-X Pro Cycling Team,+ 51,,Oxyclean Classic Brugge-De Panne - 2021
124,125,Edvald Boasson Hagen,1987,Total Direct Energie,+ 51,,Oxyclean Classic Brugge-De Panne - 2021
125,126,Andrea Di Renzo,1995,Vini Zabú,+ 51,,Oxyclean Classic Brugge-De Panne - 2021
126,127,Christophe Noppe,1994,Arkéa-Samsic,+ 51,,Oxyclean Classic Brugge-De Panne - 2021
127,128,Scott Thwaites,1990,Alpecin-Fenix,+ 51,,Oxyclean Classic Brugge-De Panne - 2021
128,129,Oscar Riesebeek,1992,Alpecin-Fenix,+ 51,,Oxyclean Classic Brugge-De Panne - 2021
129,130,Szymon Sajnok,1997,Cofidis,+ 51,,Oxyclean Classic Brugge-De Panne - 2021
130,131,Julien Morice,1991,B&B Hotels p/b KTM,+ 51,,Oxyclean Classic Brugge-De Panne - 2021
131,132,Andreas Leknessund,1999,Team DSM,+ 51,,Oxyclean Classic Brugge-De Panne - 2021
132,133,Florian Maître,1996,Total Direct Energie,+ 51,,Oxyclean Classic Brugge-De Panne - 2021
133,134,Alexis Gougeard,1993,AG2R Citroën Team,+ 51,,Oxyclean Classic Brugge-De Panne - 2021
134,135,Stijn Steels,1989,Deceuninck-Quick Step,+ 51,,Oxyclean Classic Brugge-De Panne - 2021
135,136,Robbe Ghys,1997,Sport Vlaanderen-Baloise,+ 51,,Oxyclean Classic Brugge-De Panne - 2021
136,137,Patrick Gamper,1997,BORA-hansgrohe,+ 51,,Oxyclean Classic Brugge-De Panne - 2021
137,138,Joel Suter,1998,Bingoal-WB,+ 51,,Oxyclean Classic Brugge-De Panne - 2021
138,139,Fabio Van Den Bossche,2000,Sport Vlaanderen-Baloise,+ 1:10,,Oxyclean Classic Brugge-De Panne - 2021
139,140,Bryan Coquard,1992,B&B Hotels p/b KTM,+ 1:13,,Oxyclean Classic Brugge-De Panne - 2021
140,141,Damien Gaudin,1986,Total Direct Energie,+ 1:31,,Oxyclean Classic Brugge-De Panne - 2021
141,142,Joris Nieuwenhuis,1996,Team DSM,+ 1:31,,Oxyclean Classic Brugge-De Panne - 2021
142,143,Olivier Le Gac,1993,Groupama-FDJ,+ 1:36,,Oxyclean Classic Brugge-De Panne - 2021
143,144,Marco Marcato,1984,UAE Team Emirates,+ 1:39,,Oxyclean Classic Brugge-De Panne - 2021
144,145,Jake Stewart,1999,Groupama-FDJ,+ 1:59,,Oxyclean Classic Brugge-De Panne - 2021
145,146,Fred Wright,1999,Bahrain Victorious,+ 1:59,,Oxyclean Classic Brugge-De Panne - 2021
146,147,Pascal Eenkhoorn,1997,Jumbo-Visma,+ 1:59,,Oxyclean Classic Brugge-De Panne - 2021
147,148,Luca Mozzato,1998,B&B Hotels p/b KTM,+ 2:05,,Oxyclean Classic Brugge-De Panne - 2021
148,149,Ludovic Robeet,1994,Bingoal-WB,+ 2:34,,Oxyclean Classic Brugge-De Panne - 2021
149,150,Adrien Petit,1990,Total Direct Energie,+ 2:34,,Oxyclean Classic Brugge-De Panne - 2021
150,151,Nico Denz,1994,Team DSM,+ 2:47,,Oxyclean Classic Brugge-De Panne - 2021
151,152,Lukas Pöstlberger,1992,BORA-hansgrohe,+ 2:47,,Oxyclean Classic Brugge-De Panne - 2021
152,153,Jimmy Janssens,1989,Alpecin-Fenix,+ 2:52,,Oxyclean Classic Brugge-De Panne - 2021
153,154,Kiel Reijnen,1986,Trek-Segafredo,+ 3:23,,Oxyclean Classic Brugge-De Panne - 2021
154,155,Gerben Thijssen,1998,Lotto Soudal,+ 4:00,,Oxyclean Classic Brugge-De Panne - 2021
155,156,Geoffrey Soupe,1988,Total Direct Energie,+ 4:52,,Oxyclean Classic Brugge-De Panne - 2021
156,157,Martin Salmon,1997,Team DSM,+ 4:52,,Oxyclean Classic Brugge-De Panne - 2021
157,158,Rui Oliveira,1996,UAE Team Emirates,+ 4:52,,Oxyclean Classic Brugge-De Panne - 2021
158,DNS,Hugo Houle,1990,Astana-Premier Tech,,,Oxyclean Classic Brugge-De Panne - 2021
159,DNS,Harry Sweeny,1998,Lotto Soudal,,,Oxyclean Classic Brugge-De Panne - 2021
160,DNS,Niklas Larsen,1997,Uno-X Pro Cycling Team,,,Oxyclean Classic Brugge-De Panne - 2021
161,DNF,Chun Kai Feng,1988,Bahrain Victorious,,,Oxyclean Classic Brugge-De Panne - 2021
162,DNF,Heinrich Haussler,1984,Bahrain Victorious,,,Oxyclean Classic Brugge-De Panne - 2021
163,DNF,Sean De Bie,1991,Bingoal-WB,,,Oxyclean Classic Brugge-De Panne - 2021
164,DNF,Tim Declercq,1989,Deceuninck-Quick Step,,,Oxyclean Classic Brugge-De Panne - 2021
165,DNF,Alexys Brunel,1998,Groupama-FDJ,,,Oxyclean Classic Brugge-De Panne - 2021
166,DNF,Jasper De Plus,1997,Intermarché-Wanty-Gobert,,,Oxyclean Classic Brugge-De Panne - 2021
167,DNF,Sebastian Mora,1988,Movistar Team,,,Oxyclean Classic Brugge-De Panne - 2021
168,DNF,Nacer Bouhanni,1990,Arkéa-Samsic,,,Oxyclean Classic Brugge-De Panne - 2021
169,DNF,Jakob Egholm,1998,Trek-Segafredo,,,Oxyclean Classic Brugge-De Panne - 2021
170,DNF,Frederik Rodenberg,1998,Uno-X Pro Cycling Team,,,Oxyclean Classic Brugge-De Panne - 2021
171,DNF,Anders Skaarseth,1995,Uno-X Pro Cycling Team,,,Oxyclean Classic Brugge-De Panne - 2021
172,DNF,Wout Van Elzakker,1998,Vini Zabú,,,Oxyclean Classic Brugge-De Panne - 2021
